#
# There is insufficient memory for the Java Runtime Environment to continue.
# Native memory allocation (mmap) failed to map 2097152 bytes. Error detail: G1 virtual space
# Possible reasons:
#   The system is out of physical RAM or swap space
#   This process is running with CompressedOops enabled, and the Java Heap may be blocking the growth of the native heap
# Possible solutions:
#   Reduce memory load on the system
#   Increase physical memory or swap space
#   Check if swap backing store is full
#   Decrease Java heap size (-Xmx/-Xms)
#   Decrease number of Java threads
#   Decrease Java thread stack sizes (-Xss)
#   Set larger code cache with -XX:ReservedCodeCacheSize=
#   JVM is running with Zero Based Compressed Oops mode in which the Java heap is
#     placed in the first 32GB address space. The Java Heap base address is the
#     maximum limit for the native heap growth. Please use -XX:HeapBaseMinAddress
#     to set the Java Heap base and to place the Java Heap above 32GB virtual address.
# This output file may be truncated or incomplete.
#
#  Out of Memory Error (os_windows.cpp:3713), pid=22996, tid=13836
#
# JRE version: OpenJDK Runtime Environment Temurin-21.0.9+10 (21.0.9+10) (build 21.0.9+10-LTS)
# Java VM: OpenJDK 64-Bit Server VM Temurin-21.0.9+10 (21.0.9+10-LTS, mixed mode, tiered, compressed oops, compressed class ptrs, g1 gc, windows-amd64)
# No core dump will be written. Minidumps are not enabled by default on client versions of Windows
#

---------------  S U M M A R Y ------------

Command Line: -Djavax.net.ssl.trustStoreType=WINDOWS-ROOT -Dsun.java2d.d3d=false --add-exports=java.desktop/sun.awt=ALL-UNNAMED --add-opens=java.desktop/java.awt=ALL-UNNAMED -Dfile.encoding=UTF8 com.st.microxplorer.maingui.STM32CubeMX \\wsl.localhost\Ubuntu-24.04\home\gftgf\unmanned-drown\f01_flight\f01_flight.ioc

Host: 11th Gen Intel(R) Core(TM) i5-1155G7 @ 2.50GHz, 8 cores, 15G,  Windows 11 , 64 bit Build 22621 (10.0.22621.3958)
Time: Sat May 23 08:23:13 2026 elapsed time: 41855.032336 seconds (0d 11h 37m 35s)

---------------  T H R E A D  ---------------

Current thread (0x0000014b8962fc10):  JavaThread "AWT-EventQueue-0"        [_thread_in_vm, id=13836, stack(0x0000004a6c400000,0x0000004a6c500000) (1024K)]

Stack: [0x0000004a6c400000,0x0000004a6c500000]
Native frames: (J=compiled Java code, j=interpreted, Vv=VM code, C=native code)
V  [jvm.dll+0x6d6e29]
V  [jvm.dll+0x8b4b76]
V  [jvm.dll+0x8b712e]
V  [jvm.dll+0x8b7813]
V  [jvm.dll+0x283d86]
V  [jvm.dll+0x6d3745]
V  [jvm.dll+0x6c747a]
V  [jvm.dll+0x35e7e8]
V  [jvm.dll+0x366426]
V  [jvm.dll+0x3b70ff]
V  [jvm.dll+0x3b7794]
V  [jvm.dll+0x3b7308]
V  [jvm.dll+0x332e1e]
V  [jvm.dll+0x330e4f]
V  [jvm.dll+0x666810]
V  [jvm.dll+0x243102]
V  [jvm.dll+0x87a997]
V  [jvm.dll+0x7330b7]
C  0x0000014bf4ee1329

The last pc belongs to _new_array_Java (printed below).
Java frames: (J=compiled Java code, j=interpreted, Vv=VM code)
v  ~RuntimeStub::_new_array_Java 0x0000014bf4ee1329
J 16428 c2 java.awt.image.DirectColorModel.createCompatibleWritableRaster(II)Ljava/awt/image/WritableRaster; java.desktop@21.0.9 (114 bytes) @ 0x0000014bf55bbc2c [0x0000014bf55bb2a0+0x000000000000098c]
j  java.awt.image.BufferedImage.<init>(III)V+104 java.desktop@21.0.9
j  sun.java2d.pipe.DrawImage.makeBufferedImage(Ljava/awt/Image;Ljava/awt/Color;IIIII)Ljava/awt/image/BufferedImage;+23 java.desktop@21.0.9
J 17173 c1 sun.java2d.pipe.DrawImage.renderImageXform(Lsun/java2d/SunGraphics2D;Ljava/awt/Image;Ljava/awt/geom/AffineTransform;IIIIILjava/awt/Color;)V java.desktop@21.0.9 (790 bytes) @ 0x0000014bedded404 [0x0000014beddeb7c0+0x0000000000001c44]
j  sun.java2d.pipe.DrawImage.transformImage(Lsun/java2d/SunGraphics2D;Ljava/awt/Image;IILjava/awt/geom/AffineTransform;I)V+362 java.desktop@21.0.9
j  sun.java2d.pipe.DrawImage.transformImage(Lsun/java2d/SunGraphics2D;Ljava/awt/Image;Ljava/awt/geom/AffineTransform;Ljava/awt/image/ImageObserver;)Z+17 java.desktop@21.0.9
j  sun.java2d.pipe.ValidatePipe.transformImage(Lsun/java2d/SunGraphics2D;Ljava/awt/Image;Ljava/awt/geom/AffineTransform;Ljava/awt/image/ImageObserver;)Z+17 java.desktop@21.0.9
j  sun.java2d.SunGraphics2D.transformImage(Ljava/awt/Image;Ljava/awt/geom/AffineTransform;Ljava/awt/image/ImageObserver;)Z+8 java.desktop@21.0.9
j  sun.java2d.SunGraphics2D.drawImage(Ljava/awt/Image;Ljava/awt/geom/AffineTransform;Ljava/awt/image/ImageObserver;)Z+78 java.desktop@21.0.9
j  sun.java2d.SunGraphics2D.drawRenderedImage(Ljava/awt/image/RenderedImage;Ljava/awt/geom/AffineTransform;)V+21 java.desktop@21.0.9
j  com.st.microxplorer.plugins.clock.ZoomPanel.paintComponent(Ljava/awt/Graphics;)V+62
J 15676 c2 javax.swing.JComponent.paint(Ljava/awt/Graphics;)V java.desktop@21.0.9 (409 bytes) @ 0x0000014bf5a92e24 [0x0000014bf5a927e0+0x0000000000000644]
J 14816 c2 javax.swing.JComponent.paintChildren(Ljava/awt/Graphics;)V java.desktop@21.0.9 (684 bytes) @ 0x0000014bf586d3dc [0x0000014bf586cd80+0x000000000000065c]
J 15676 c2 javax.swing.JComponent.paint(Ljava/awt/Graphics;)V java.desktop@21.0.9 (409 bytes) @ 0x0000014bf5a92e6c [0x0000014bf5a927e0+0x000000000000068c]
J 16311 c2 javax.swing.JComponent.paintToOffscreen(Ljava/awt/Graphics;IIIIII)V java.desktop@21.0.9 (108 bytes) @ 0x0000014bf55cdd94 [0x0000014bf55cdd00+0x0000000000000094]
J 13775 c1 javax.swing.RepaintManager$PaintManager.paintDoubleBufferedFPScales(Ljavax/swing/JComponent;Ljava/awt/Image;Ljava/awt/Graphics;IIII)V java.desktop@21.0.9 (460 bytes) @ 0x0000014bedc1108c [0x0000014bedc10520+0x0000000000000b6c]
J 13893 c1 javax.swing.RepaintManager$PaintManager.paintDoubleBuffered(Ljavax/swing/JComponent;Ljava/awt/Image;Ljava/awt/Graphics;IIII)V java.desktop@21.0.9 (50 bytes) @ 0x0000014beee3cdec [0x0000014beee3cb00+0x00000000000002ec]
J 14769 c2 javax.swing.JComponent._paintImmediately(IIII)V java.desktop@21.0.9 (891 bytes) @ 0x0000014bf5c48598 [0x0000014bf5c479c0+0x0000000000000bd8]
J 16050 c1 javax.swing.JComponent.paintImmediately(IIII)V java.desktop@21.0.9 (155 bytes) @ 0x0000014beebe68bc [0x0000014beebe5ec0+0x00000000000009fc]
J 13475 c1 javax.swing.RepaintManager$4.run()Ljava/lang/Void; java.desktop@21.0.9 (277 bytes) @ 0x0000014bee61b3fc [0x0000014bee61ad20+0x00000000000006dc]
J 16357 c1 javax.swing.RepaintManager.paintDirtyRegions(Ljava/util/Map;)V java.desktop@21.0.9 (196 bytes) @ 0x0000014beeaef434 [0x0000014beeaee0e0+0x0000000000001354]
J 13004 c1 javax.swing.RepaintManager.paintDirtyRegions()V java.desktop@21.0.9 (50 bytes) @ 0x0000014bedb6ee74 [0x0000014bedb6ec60+0x0000000000000214]
J 12884 c1 javax.swing.RepaintManager.prePaintDirtyRegions()V java.desktop@21.0.9 (91 bytes) @ 0x0000014bee711f0c [0x0000014bee711960+0x00000000000005ac]
J 16384 c1 javax.swing.RepaintManager$ProcessingRunnable.run()V java.desktop@21.0.9 (41 bytes) @ 0x0000014bed95e5d4 [0x0000014bed95e460+0x0000000000000174]
J 16012 c2 java.awt.event.InvocationEvent.dispatch()V java.desktop@21.0.9 (69 bytes) @ 0x0000014bf545e2c8 [0x0000014bf545e260+0x0000000000000068]
J 13755 c2 java.awt.EventQueue.dispatchEvent(Ljava/awt/AWTEvent;)V java.desktop@21.0.9 (80 bytes) @ 0x0000014bf5c8ca78 [0x0000014bf5c8c4a0+0x00000000000005d8]
J 14579 c2 java.awt.EventDispatchThread.pumpOneEventForFilters(I)V java.desktop@21.0.9 (106 bytes) @ 0x0000014bf5c1125c [0x0000014bf5c10c20+0x000000000000063c]
J 14683% c2 java.awt.EventDispatchThread.pumpEventsForFilter(ILjava/awt/Conditional;Ljava/awt/EventFilter;)V java.desktop@21.0.9 (47 bytes) @ 0x0000014bf559ee60 [0x0000014bf559ebe0+0x0000000000000280]
j  java.awt.EventDispatchThread.pumpEventsForHierarchy(ILjava/awt/Conditional;Ljava/awt/Component;)V+11 java.desktop@21.0.9
j  java.awt.EventDispatchThread.pumpEvents(ILjava/awt/Conditional;)V+4 java.desktop@21.0.9
j  java.awt.EventDispatchThread.pumpEvents(Ljava/awt/Conditional;)V+3 java.desktop@21.0.9
j  java.awt.EventDispatchThread.run()V+9 java.desktop@21.0.9
v  ~StubRoutines::call_stub 0x0000014bf4db10e7
--------------------------------------------------------------------------------
Decoding CodeBlob, name: _new_array_Java, at  [0x0000014bf4ee1300, 0x0000014bf4ee1370]  112 bytes
[MachCode]
  0x0000014bf4ee1300: 4881 ec28 | 0000 0048 | 896c 2420 | 4989 a798 | 0300 0048 | 8bca 418b | d04d 8bc7 | 49ba 8030 
  0x0000014bf4ee1320: 4a32 fa7f | 0000 41ff | d20f 1f84 | 0000 0000 | 004d 89a7 | 9803 0000 | 4d89 a7a0 | 0300 0049 
  0x0000014bf4ee1340: 8b87 f003 | 0000 4d89 | a7f0 0300 | 004d 3b67 | 0875 0648 | 83c4 205d | c333 db49 | ba00 0fdb 
  0x0000014bf4ee1360: f44b 0100 | 0048 83c4 | 205d 41ff | e2f4 f4f4 
[/MachCode]
--------------------------------------------------------------------------------


Compiled method (c2) 41855234 16428       4       java.awt.image.DirectColorModel::createCompatibleWritableRaster (114 bytes)
 total in heap  [0x0000014bf55bb090,0x0000014bf55bc240] = 4528
 relocation     [0x0000014bf55bb1f0,0x0000014bf55bb290] = 160
 main code      [0x0000014bf55bb2a0,0x0000014bf55bbe58] = 3000
 stub code      [0x0000014bf55bbe58,0x0000014bf55bbe80] = 40
 oops           [0x0000014bf55bbe80,0x0000014bf55bbe88] = 8
 metadata       [0x0000014bf55bbe88,0x0000014bf55bbed0] = 72
 scopes data    [0x0000014bf55bbed0,0x0000014bf55bc078] = 424
 scopes pcs     [0x0000014bf55bc078,0x0000014bf55bc178] = 256
 dependencies   [0x0000014bf55bc178,0x0000014bf55bc180] = 8
 handler table  [0x0000014bf55bc180,0x0000014bf55bc240] = 192

[Constant Pool (empty)]

[MachCode]
[Entry Point]
  # {method} {0x0000014b86295398} 'createCompatibleWritableRaster' '(II)Ljava/awt/image/WritableRaster;' in 'java/awt/image/DirectColorModel'
  # this:     rdx:rdx   = 'java/awt/image/DirectColorModel'
  # parm0:    r8        = int
  # parm1:    r9        = int
  #           [sp+0x90]  (sp of caller)
  0x0000014bf55bb2a0: 448b 5208 | 49bb 0000 | 0000 0800 | 0000 4d03 | d349 3bc2 

  0x0000014bf55bb2b4: ;   {runtime_call ic_miss_stub}
  0x0000014bf55bb2b4: 0f85 c636 | 84ff 6690 | 0f1f 4000 
[Verified Entry Point]
  0x0000014bf55bb2c0: 8984 2400 | 80ff ff55 | 4881 ec80 | 0000 0090 | 4181 7f20 | 2f00 0000 | 0f85 700b | 0000 4489 
  0x0000014bf55bb2e0: 4424 5845 | 85c0 0f8e | 100a 0000 | 4489 4c24 | 3045 85c9 | 0f8e c20a | 0000 4889 | 5424 2844 
  0x0000014bf55bb300: 0fb6 5228 | 4585 d20f | 84d5 0400 | 0049 8bb7 | b801 0000 | 4c8b d649 | 83c2 204d | 3b97 c801 
  0x0000014bf55bb320: 0000 0f83 | 3609 0000 | 4d89 97b8 | 0100 004c | 8bde 4983 | c310 48c7 | 0601 0000 | 0041 0f0d 
  0x0000014bf55bb340: 8ac0 0000 

  0x0000014bf55bb344: ;   {metadata({type array int})}
  0x0000014bf55bb344: 00c7 4608 | c80d 0400 | 410f 0d8a | 0001 0000 | c746 0c04 | 0000 0041 | 0f0d 8a40 | 0100 0041 
  0x0000014bf55bb364: 0f0d 8a80 | 0100 00c5 | fdef c0c4 | c179 d603 | 4489 6618 | 4c8b 5424 | 2845 8b52 | 5044 8956 
  0x0000014bf55bb384: 1c4c 8b54 | 2428 458b | 5a4c 418b | 6a0c 458b | 5244 4489 | 5610 4c8b | 5424 2845 | 8b42 4844 
  0x0000014bf55bb3a4: 8946 1444 | 895e 1883 | fd10 0f8e | 6409 0000 | 498b 9fb8 | 0100 004c | 8bd3 4983 | c230 4d3b 
  0x0000014bf55bb3c4: 97c8 0100 | 000f 83f8 | 0600 004d | 8997 b801 | 0000 410f | 0d8a c000 | 0000 48c7 | 0301 0000 
  0x0000014bf55bb3e4: 004c 8bd3 | 4983 c210 

  0x0000014bf55bb3ec: ;   {metadata('java/awt/image/DataBufferInt')}
  0x0000014bf55bb3ec: c743 08a0 | bb2a 0044 | 8963 0cc5 | fdef c062 | d1fe 287f | 0244 8b5c | 2458 440f | af5c 2430 
  0x0000014bf55bb40c: 4489 5c24 

  0x0000014bf55bb410: ;   {oop([I{0x0000000704d70610})}
  0x0000014bf55bb410: 3449 ba10 | 06d7 0407 | 0000 0041 | 8b6a 1483 | fd02 0f85 | 6a08 0000 | 498b 87b8 | 0100 004c 
  0x0000014bf55bb430: 8bd0 4983 | c218 4d3b | 97c8 0100 | 000f 837f | 0700 004d | 8997 b801 | 0000 410f | 0d8a c000 
  0x0000014bf55bb450: 0000 48c7 | 0001 0000 

  0x0000014bf55bb458: ;   {metadata('sun/java2d/StateTrackableDelegate')}
  0x0000014bf55bb458: 00c7 4008 | c04b 2700 | 4489 600c | 4489 6014 

  0x0000014bf55bb468: ;   {oop(a 'sun/java2d/StateTrackable$State'{0x0000000704702d50})}
  0x0000014bf55bb468: c740 10aa | 058e e04c | 8bd3 4c8b | d849 c1eb | 0344 895b | 204c 8bd8 | 4d33 da49 | c1eb 154d 
  0x0000014bf55bb488: 85db 741a | 49c1 ea09 | 48b9 0050 | b8f9 4b01 | 0000 4903 | ca80 3902 | 0f85 8704 | 0000 448b 
  0x0000014bf55bb4a8: 5424 3444 | 8953 1849 | 8bbf b801 | 0000 c743 | 0c03 0000 | 004c 8bd7 | 4983 c218 | c743 1001 
  0x0000014bf55bb4c8: 0000 0044 | 8963 144d | 3b97 c801 | 0000 0f83 | 1906 0000 | 4d89 97b8 | 0100 0041 | 0f0d 8ac0 
  0x0000014bf55bb4e8: 0000 0048 | c707 0100 | 0000 410f | 0d8a 0001 

  0x0000014bf55bb4f8: ;   {metadata({type array int})}
  0x0000014bf55bb4f8: 0000 c747 | 08c8 0d04 | 0041 0f0d | 8a40 0100 | 00c7 470c | 0100 0000 | 410f 0d8a | 8001 0000 
  0x0000014bf55bb518: 4c8b d749 | 83c2 10c5 | fdef c0c4 | c179 d602 | 4180 7f40 | 000f 8556 | 0300 004c | 8bd3 4c8b 
  0x0000014bf55bb538: c749 c1e8 | 0344 8943 | 1c4c 8bdf | 4d33 da49 | c1eb 154d | 85db 741a | 49c1 ea09 | 48b9 0050 
  0x0000014bf55bb558: b8f9 4b01 | 0000 4903 | ca80 3902 | 0f85 5f04 | 0000 448b | 5424 3441 | 81fa 0000 | 0400 0f87 
  0x0000014bf55bb578: 0c07 0000 | 4c63 5424 | 3444 8b44 | 2434 4181 | f800 0004 | 000f 8768 | 0600 0049 | 8baf b801 
  0x0000014bf55bb598: 0000 4a8d | 0c95 1700 | 0000 4c8b | d149 83e2 | f84c 8bdd | 4d03 da4d | 3b9f c801 | 0000 0f83 
  0x0000014bf55bb5b8: 3f06 0000 | 4d89 9fb8 | 0100 0041 | 0f0d 8bc0 | 0000 0048 | c745 0001 | 0000 0041 | 0f0d 8b00 
  0x0000014bf55bb5d8: ;   {metadata({type array int})}
  0x0000014bf55bb5d8: 0100 00c7 | 4508 c80d | 0400 4489 | 450c 410f | 0d8b 4001 | 0000 488b | fd48 83c7 | 1041 0f0d 
  0x0000014bf55bb5f8: 8b80 0100 | 0048 c1e9 | 0348 83c1 | fe48 33c0 | 4883 f908 | 7f10 48ff | c978 5648 | 8904 cf48 
  0x0000014bf55bb618: ffc9 7df7 | eb4b c5fd | efc0 e90d | 0000 00c5 | fe7f 07c5 | fe7f 4720 | 4883 c740 | 4883 e908 
  0x0000014bf55bb638: 7ded 4883 | c104 7c0c | c5fe 7f07 | 4883 c720 | 4883 e904 | 4883 c104 | 7e17 48c7 | c0ff ffff 
  0x0000014bf55bb658: ffc4 e2f0 | f5c0 c4e1 | fb92 f862 | f1fe 2f7f | 0741 807f | 4000 0f85 | de01 0000 | 4c8b d34c 
  0x0000014bf55bb678: 8bc5 49c1 | e803 4489 | 4324 4c8b | dd4d 33da | 49c1 eb15 | 4d85 db74 | 1a49 c1ea | 0948 b900 
  0x0000014bf55bb698: 50b8 f94b | 0100 0049 | 03ca 8039 | 020f 85d0 | 0200 0049 | 8bbf b801 | 0000 4c8b | d749 83c2 
  0x0000014bf55bb6b8: 184d 3b97 | c801 0000 | 0f83 ba04 | 0000 4d89 | 97b8 0100 | 0041 0f0d | 8ac0 0000 | 0048 c707 
  0x0000014bf55bb6d8: ;   {no_reloc}
  0x0000014bf55bb6d8: 0100 0000 | 410f 0d8a | 0001 0000 

  0x0000014bf55bb6e4: ;   {metadata({type array int}[])}
  0x0000014bf55bb6e4: c747 0838 | af03 0041 | 0f0d 8a40 | 0100 00c7 | 470c 0100 | 0000 410f | 0d8a 8001 | 0000 4c8b 
  0x0000014bf55bb704: d749 83c2 | 10c5 fdef | c0c4 c179 | d602 4180 | 7f40 000f | 85a3 0100 | 008b 6b24 | 4c8b d749 
  0x0000014bf55bb724: c1ea 0344 | 8953 284c | 8bd3 4c8b | df4d 33da | 49c1 eb15 | 4d85 db74 | 1a49 c1ea | 0948 b900 
  0x0000014bf55bb744: 50b8 f94b | 0100 0049 | 03ca 8039 | 020f 85c0 | 0200 0044 | 8b57 0c45 | 85d2 0f86 | 6405 0000 
  0x0000014bf55bb764: 4883 c710 | 4180 7f40 | 000f 8584 | 0100 0089 | 2f4c 8bd7 | 4c8b dd49 | c1e3 034d | 33da 49c1 
  0x0000014bf55bb784: eb15 4d85 | db74 1f85 | ed74 1b49 | c1ea 0949 | b800 50b8 | f94b 0100 | 004d 03c2 | 4180 3802 
  0x0000014bf55bb7a4: 0f85 cb02 | 0000 488b | d344 8b44 | 2458 448b | 4c24 3041 | 8bf8 33c9 

  0x0000014bf55bb7bc: ;   {static_call}
  0x0000014bf55bb7bc: 6666 90e8 

  0x0000014bf55bb7c0: ; ImmutableOopMap {}
                      ;*invokestatic createPackedRaster {reexecute=0 rethrow=0 return_oop=1}
                      ; - java.awt.image.Raster::createPackedRaster@99 (line 546)
                      ; - java.awt.image.DirectColorModel::createCompatibleWritableRaster@83 (line 1032)
  0x0000014bf55bb7c0: 3c3b 2900 

  0x0000014bf55bb7c4: ;   {other}
  0x0000014bf55bb7c4: 0f1f 8400 | 3407 0000 | 4881 c480 | 0000 005d 

  0x0000014bf55bb7d4: ;   {poll_return}
  0x0000014bf55bb7d4: 493b a748 | 0400 000f | 8757 0600 | 00c3 498b | 87b8 0100 | 004c 8bd0 | 4983 c220 | 4d3b 97c8 
  0x0000014bf55bb7f4: 0100 000f | 83db 0500 | 004d 8997 | b801 0000 | 410f 0d8a | c000 0000 | 48c7 0001 | 0000 0041 
  0x0000014bf55bb814: 0f0d 8a00 

  0x0000014bf55bb818: ;   {metadata({type array int})}
  0x0000014bf55bb818: 0100 00c7 | 4008 c80d | 0400 410f | 0d8a 4001 | 0000 c740 | 0c03 0000 | 0041 0f0d | 8a80 0100 
  0x0000014bf55bb838: 004c 8bd0 | 4983 c210 | c5fd efc0 | 62d1 fe08 | 7f02 488b | f0e9 33fb | ffff 448b | 5324 4585 
  0x0000014bf55bb858: d20f 8415 | feff ff4d | 8b5f 2849 | 8bca 48c1 | e103 4d85 | db0f 840f | 0500 004d | 8b57 384b 
  0x0000014bf55bb878: 894c 1af8 | 4983 c3f8 | 4d89 5f28 | e9eb fdff | ff44 8b53 | 1c45 85d2 | 0f84 9dfc | ffff 4d8b 
  0x0000014bf55bb898: 5f28 498b | ca48 c1e1 | 034d 85db | 0f84 9e04 | 0000 4d8b | 5738 4b89 | 4c1a f849 | 83c3 f84d 
  0x0000014bf55bb8b8: 895f 28e9 | 73fc ffff | 448b 5b28 | 4585 db0f | 8450 feff | ff4d 8b57 | 2849 8bcb | 48c1 e103 
  0x0000014bf55bb8d8: 4d85 d20f | 8484 0400 | 004d 8b5f | 384b 894c | 13f8 4983 | c2f8 4d89 | 5728 e926 | feff ff44 
  0x0000014bf55bb8f8: 8b17 4585 | d20f 8470 | feff ff4d | 8b5f 2849 | 8bca 48c1 | e103 4d85 | db0f 8488 | 0400 004d 
  0x0000014bf55bb918: ;   {no_reloc}
  0x0000014bf55bb918: 8b57 384b | 894c 1af8 | 4983 c3f8 | 4d89 5f28 | e946 feff | ff4d 8b57 | 584d 8b5f | 48f0 8344 
  0x0000014bf55bb938: 24c0 0080 | 3900 0f84 | 62fb ffff | 4488 214d | 85db 751d | 498b d749 | ba00 9b09 | 32fa 7f00 
  0x0000014bf55bb958: 0041 ffd2 

  0x0000014bf55bb95c: ;   {other}
  0x0000014bf55bb95c: 0f1f 8400 | 0000 0000 | e93d fbff | ff4b 894c | 1af8 4983 | c3f8 4d89 | 5f48 e92b | fbff ff4d 
  0x0000014bf55bb97c: 8b57 484d | 8b5f 58f0 | 8344 24c0 | 0080 3900 | 0f84 19fd | ffff 4488 | 214d 85d2 | 751d 498b 
  0x0000014bf55bb99c: d749 ba00 | 9b09 32fa | 7f00 0041 

  0x0000014bf55bb9a8: ;   {other}
  0x0000014bf55bb9a8: ffd2 0f1f | 8400 0000 | 0000 e9f4 | fcff ff4b | 894c 13f8 | 4983 c2f8 | 4d89 5748 | e9e2 fcff 
  0x0000014bf55bb9c8: ff4d 8b57 | 484d 8b5f | 58f0 8344 | 24c0 0080 | 3900 0f84 | 8afb ffff | 4488 214d | 85d2 751d 
  0x0000014bf55bb9e8: 498b d749 | ba00 9b09 | 32fa 7f00 | 0041 ffd2 

  0x0000014bf55bb9f8: ;   {other}
  0x0000014bf55bb9f8: 0f1f 8400 | 0000 0000 | e965 fbff | ff4b 894c | 13f8 4983 | c2f8 4d89 | 5748 e953 | fbff ff4d 
  0x0000014bf55bba18: 8b57 584d | 8b5f 48f0 | 8344 24c0 | 0080 3900 | 742f 4488 | 214d 85db | 740f 4b89 | 4c1a f849 
  0x0000014bf55bba38: 83c3 f84d | 895f 48eb | 1849 8bd7 | 49ba 009b | 0932 fa7f | 0000 41ff 

  0x0000014bf55bba50: ;   {other}
  0x0000014bf55bba50: d20f 1f84 | 0000 0000 | 008b 6b24 | 448b 5328 | 4585 d20f | 8498 0300 | 0049 c1e2 | 0349 8bfa 
  0x0000014bf55bba70: e9e2 fcff | ff4d 8b57 | 484d 8b5f | 58f0 8344 | 24c0 0041 | 8038 000f | 841d fdff | ff45 8820 
  0x0000014bf55bba90: 4d85 d275 | 2049 8bc8 | 498b d749 | ba00 9b09 | 32fa 7f00 | 0041 ffd2 

  0x0000014bf55bbaa8: ;   {other}
  0x0000014bf55bbaa8: 0f1f 8400 | 0000 0000 | e9f5 fcff | ff4f 8944 | 13f8 4983 | c2f8 4d89 | 5748 e9e3 

  0x0000014bf55bbac4: ;   {metadata('java/awt/image/DataBufferInt')}
  0x0000014bf55bbac4: fcff ff48 | baa0 bb2a | 0008 0000 | 008b 6c24 | 5848 8974 

  0x0000014bf55bbad8: ;   {runtime_call _new_instance_Java}
  0x0000014bf55bbad8: 2438 90e8 

  0x0000014bf55bbadc: ; ImmutableOopMap {[56]=Oop }
                      ;*new {reexecute=0 rethrow=0 return_oop=1}
                      ; - java.awt.image.Raster::createPackedRaster@62 (line 538)
                      ; - java.awt.image.DirectColorModel::createCompatibleWritableRaster@83 (line 1032)
  0x0000014bf55bbadc: 2042 92ff 

  0x0000014bf55bbae0: ;   {other}
  0x0000014bf55bbae0: 0f1f 8400 | 500a 0001 | 488b 7424 | 3848 8bd8 | e90c f9ff | ff48 8944 | 24f8 8b44 | 2434 8944 
  0x0000014bf55bbb00: 2424 488b | 4424 f848 | 895c 2438 | 4889 7424 | 2848 8944 | 24f8 8b44 | 2430 8944 | 2420 488b 
  0x0000014bf55bbb20: 4424 f88b 

  0x0000014bf55bbb24: ;   {metadata({type array int})}
  0x0000014bf55bbb24: 6c24 5848 | bac8 0d04 | 0008 0000 | 0041 b801 

  0x0000014bf55bbb34: ;   {runtime_call _new_array_Java}
  0x0000014bf55bbb34: 0000 00e8 

  0x0000014bf55bbb38: ; ImmutableOopMap {[40]=Oop [56]=Oop }
                      ;*newarray {reexecute=0 rethrow=0 return_oop=1}
                      ; - java.awt.image.DataBuffer::<init>@34 (line 155)
                      ; - java.awt.image.DataBufferInt::<init>@6 (line 75)
                      ; - java.awt.image.Raster::createPackedRaster@69 (line 538)
                      ; - java.awt.image.DirectColorModel::createCompatibleWritableRaster@83 (line 1032)
  0x0000014bf55bbb38: c457 92ff 

  0x0000014bf55bbb3c: ;   {other}
  0x0000014bf55bbb3c: 0f1f 8400 | ac0a 0002 | 4889 4424 | f88b 4424 | 2089 4424 | 3048 8b44 | 24f8 4c8b | 5c24 284c 
  0x0000014bf55bbb5c: 8b44 2438 | 4889 4424 | f88b 4424 | 2489 4424 | 3448 8b44 | 24f8 488b | f849 8bf3 | 498b d8e9 
  0x0000014bf55bbb7c: a8f9 ffff 

  0x0000014bf55bbb80: ;   {metadata({type array int}[])}
  0x0000014bf55bbb80: 48ba 38af | 0300 0800 | 0000 41b8 | 0100 0000 | 8b6c 2458 | 4889 7424 | 5048 895c | 2440 4889 
  0x0000014bf55bbba0: ;   {runtime_call _new_array_Java}
  0x0000014bf55bbba0: 5c24 48e8 

  0x0000014bf55bbba4: ; ImmutableOopMap {[64]=Oop [72]=Oop [80]=Oop }
                      ;*anewarray {reexecute=0 rethrow=0 return_oop=1}
                      ; - java.awt.image.DataBufferInt::<init>@18 (line 77)
                      ; - java.awt.image.Raster::createPackedRaster@69 (line 538)
                      ; - java.awt.image.DirectColorModel::createCompatibleWritableRaster@83 (line 1032)
  0x0000014bf55bbba4: 5857 92ff 

  0x0000014bf55bbba8: ;   {other}
  0x0000014bf55bbba8: 0f1f 8400 | 180b 0003 | 488b f848 | 8b74 2450 | 488b 5c24 | 40e9 50fb 

  0x0000014bf55bbbc0: ;   {metadata('sun/java2d/StateTrackableDelegate')}
  0x0000014bf55bbbc0: ffff 48ba | c04b 2700 | 0800 0000 | 8b6c 2458 | 4889 7424 | 6048 895c | 2440 4889 

  0x0000014bf55bbbdc: ;   {runtime_call _new_instance_Java}
  0x0000014bf55bbbdc: 5c24 48e8 

  0x0000014bf55bbbe0: ; ImmutableOopMap {[64]=Oop [72]=Oop [96]=Oop }
                      ;*new {reexecute=0 rethrow=0 return_oop=1}
                      ; - sun.java2d.StateTrackableDelegate::createInstance@44 (line 73)
                      ; - java.awt.image.DataBuffer::<init>@6 (line 150)
                      ; - java.awt.image.DataBufferInt::<init>@6 (line 75)
                      ; - java.awt.image.Raster::createPackedRaster@69 (line 538)
                      ; - java.awt.image.DirectColorModel::createCompatibleWritableRaster@83 (line 1032)
  0x0000014bf55bbbe0: 1c41 92ff 

  0x0000014bf55bbbe4: ;   {other}
  0x0000014bf55bbbe4: 0f1f 8400 | 540b 0004 | 488b 7424 | 6048 8b5c | 2440 e96d | f8ff ff48 | 895c 2438 | 4889 7424 
  0x0000014bf55bbc04: 2848 8944 | 24f8 8b44 | 2430 8944 | 2420 488b | 4424 f88b 

  0x0000014bf55bbc18: ;   {metadata({type array int})}
  0x0000014bf55bbc18: 6c24 5848 | bac8 0d04 | 0008 0000 

  0x0000014bf55bbc24: ;   {runtime_call _new_array_Java}
  0x0000014bf55bbc24: 0066 90e8 

  0x0000014bf55bbc28: ; ImmutableOopMap {[40]=Oop [56]=Oop }
                      ;*newarray {reexecute=0 rethrow=0 return_oop=1}
                      ; - java.awt.image.DataBufferInt::<init>@11 (line 76)
                      ; - java.awt.image.Raster::createPackedRaster@69 (line 538)
                      ; - java.awt.image.DirectColorModel::createCompatibleWritableRaster@83 (line 1032)
  0x0000014bf55bbc28: d456 92ff 

  0x0000014bf55bbc2c: ;   {other}
  0x0000014bf55bbc2c: 0f1f 8400 | 9c0b 0005 | 4889 4424 | f88b 4424 | 2089 4424 | 3048 8b44 | 24f8 4c8b | 5c24 284c 
  0x0000014bf55bbc4c: 8b44 2438 | 488b e849 | 8bf3 498b | d8e9 0bfa | ffff 41b8 | 0400 0000 

  0x0000014bf55bbc64: ;   {metadata({type array int})}
  0x0000014bf55bbc64: 48ba c80d | 0400 0800 | 0000 488b 

  0x0000014bf55bbc70: ;   {runtime_call _new_array_Java}
  0x0000014bf55bbc70: 6c24 28e8 

  0x0000014bf55bbc74: ; ImmutableOopMap {rbp=Oop [40]=Oop }
                      ;*newarray {reexecute=0 rethrow=0 return_oop=1}
                      ; - java.awt.image.DirectColorModel::createCompatibleWritableRaster@31 (line 1021)
  0x0000014bf55bbc74: 8856 92ff 

  0x0000014bf55bbc78: ;   {other}
  0x0000014bf55bbc78: 0f1f 8400 | e80b 0006 | 488b f0e9 | f0f6 ffff | 4c63 5424 | 34e9 eff8 | ffff ba45 | ffff ff48 
  0x0000014bf55bbc98: 8944 24f8 | 8b44 2430 | 8944 2424 | 488b 4424 | f848 8974 | 2428 4889 | 5c24 4048 | 895c 2448 
  0x0000014bf55bbcb8: ;   {runtime_call UncommonTrapBlob}
  0x0000014bf55bbcb8: 6666 90e8 

  0x0000014bf55bbcbc: ; ImmutableOopMap {[40]=Oop [64]=Oop [72]=Oop }
                      ;*tableswitch {reexecute=1 rethrow=0 return_oop=0}
                      ; - (reexecute) sun.java2d.StateTrackableDelegate::createInstance@8 (line 69)
                      ; - java.awt.image.DataBuffer::<init>@6 (line 150)
                      ; - java.awt.image.DataBufferInt::<init>@6 (line 75)
                      ; - java.awt.image.Raster::createPackedRaster@69 (line 538)
                      ; - java.awt.image.DirectColorModel::createCompatibleWritableRaster@83 (line 1032)
  0x0000014bf55bbcbc: 40be 84ff 

  0x0000014bf55bbcc0: ;   {other}
  0x0000014bf55bbcc0: 0f1f 8400 | 300c 0007 | bae4 ffff | ff48 8944 | 24f8 8b44 | 2430 8944 | 2424 488b | 4424 f848 
  0x0000014bf55bbce0: 8974 2428 | 4889 5c24 | 3048 897c 

  0x0000014bf55bbcec: ;   {runtime_call UncommonTrapBlob}
  0x0000014bf55bbcec: 2438 90e8 

  0x0000014bf55bbcf0: ; ImmutableOopMap {rbp=NarrowOop [40]=Oop [48]=Oop [56]=Oop }
                      ;*aastore {reexecute=1 rethrow=0 return_oop=0}
                      ; - (reexecute) java.awt.image.DataBufferInt::<init>@33 (line 78)
                      ; - java.awt.image.Raster::createPackedRaster@69 (line 538)
                      ; - java.awt.image.DirectColorModel::createCompatibleWritableRaster@83 (line 1032)
  0x0000014bf55bbcf0: 0cbe 84ff 

  0x0000014bf55bbcf4: ;   {other}
  0x0000014bf55bbcf4: 0f1f 8400 | 640c 0008 | ba45 ffff | ff44 894c | 2420 4489 

  0x0000014bf55bbd08: ;   {runtime_call UncommonTrapBlob}
  0x0000014bf55bbd08: 4424 24e8 

  0x0000014bf55bbd0c: ; ImmutableOopMap {}
                      ;*ifle {reexecute=1 rethrow=0 return_oop=0}
                      ; - (reexecute) java.awt.image.DirectColorModel::createCompatibleWritableRaster@1 (line 1015)
  0x0000014bf55bbd0c: f0bd 84ff 

  0x0000014bf55bbd10: ;   {other}
  0x0000014bf55bbd10: 0f1f 8400 | 800c 0009 | ba45 ffff | ff4c 8954 | 2420 4889 | 4424 f88b | 4424 3089 | 4424 2c48 
  0x0000014bf55bbd30: 8b44 24f8 | 4889 7424 

  0x0000014bf55bbd38: ;   {runtime_call UncommonTrapBlob}
  0x0000014bf55bbd38: 3066 90e8 

  0x0000014bf55bbd3c: ; ImmutableOopMap {[32]=Oop [48]=Oop }
                      ;*if_icmple {reexecute=1 rethrow=0 return_oop=0}
                      ; - (reexecute) java.awt.image.DirectColorModel::createCompatibleWritableRaster@75 (line 1031)
  0x0000014bf55bbd3c: c0bd 84ff 

  0x0000014bf55bbd40: ;   {other}
  0x0000014bf55bbd40: 0f1f 8400 | b00c 000a | 498b d749 | ba20 9b09 | 32fa 7f00 | 0041 ffd2 

  0x0000014bf55bbd58: ;   {other}
  0x0000014bf55bbd58: 0f1f 8400 | 0000 0000 | e9ce f7ff | ff49 8bd7 | 49ba 209b | 0932 fa7f | 0000 41ff 

  0x0000014bf55bbd74: ;   {other}
  0x0000014bf55bbd74: d20f 1f84 | 0000 0000 | 00e9 9bf9 | ffff 498b | d749 ba20 | 9b09 32fa | 7f00 0041 

  0x0000014bf55bbd90: ;   {other}
  0x0000014bf55bbd90: ffd2 0f1f | 8400 0000 | 0000 e9d5 | f8ff ff49 | 8bd7 49ba | 209b 0932 | fa7f 0000 

  0x0000014bf55bbdac: ;   {other}
  0x0000014bf55bbdac: 41ff d20f | 1f84 0000 | 0000 00e9 | b7f9 ffff | ba45 ffff | ff41 8be8 | 4489 4c24 

  0x0000014bf55bbdc8: ;   {runtime_call UncommonTrapBlob}
  0x0000014bf55bbdc8: 2466 90e8 

  0x0000014bf55bbdcc: ; ImmutableOopMap {}
                      ;*ifgt {reexecute=1 rethrow=0 return_oop=0}
                      ; - (reexecute) java.awt.image.DirectColorModel::createCompatibleWritableRaster@5 (line 1015)
  0x0000014bf55bbdcc: 30bd 84ff 

  0x0000014bf55bbdd0: ;   {other}
  0x0000014bf55bbdd0: 0f1f 8400 | 400d 000b | 41b8 0300 

  0x0000014bf55bbddc: ;   {metadata({type array int})}
  0x0000014bf55bbddc: 0000 48ba | c80d 0400 | 0800 0000 | 488b 6c24 

  0x0000014bf55bbdec: ;   {runtime_call _new_array_Java}
  0x0000014bf55bbdec: 2866 90e8 

  0x0000014bf55bbdf0: ; ImmutableOopMap {rbp=Oop [40]=Oop }
                      ;*newarray {reexecute=0 rethrow=0 return_oop=1}
                      ; - java.awt.image.DirectColorModel::createCompatibleWritableRaster@45 (line 1025)
  0x0000014bf55bbdf0: 0c55 92ff 

  0x0000014bf55bbdf4: ;   {other}
  0x0000014bf55bbdf4: 0f1f 8400 | 640d 000c | e949 faff | ffba f6ff 

  0x0000014bf55bbe04: ;   {runtime_call UncommonTrapBlob}
  0x0000014bf55bbe04: ffff 90e8 

  0x0000014bf55bbe08: ; ImmutableOopMap {rbp=NarrowOop }
                      ;*aastore {reexecute=1 rethrow=0 return_oop=0}
                      ; - (reexecute) java.awt.image.DataBufferInt::<init>@33 (line 78)
                      ; - java.awt.image.Raster::createPackedRaster@69 (line 538)
                      ; - java.awt.image.DirectColorModel::createCompatibleWritableRaster@83 (line 1032)
  0x0000014bf55bbe08: f4bc 84ff 

  0x0000014bf55bbe0c: ;   {other}
  0x0000014bf55bbe0c: 0f1f 8400 | 7c0d 000d | 488b d0eb | 1248 8bd0 | eb0d eb08 | eb06 eb04 | eb02 eb00 | 488b d048 
  0x0000014bf55bbe2c: 81c4 8000 

  0x0000014bf55bbe30: ;   {runtime_call _rethrow_Java}
  0x0000014bf55bbe30: 0000 5de9 | 48cd 92ff 

  0x0000014bf55bbe38: ;   {internal_word}
  0x0000014bf55bbe38: 49ba d4b7 | 5bf5 4b01 | 0000 4d89 | 9760 0400 

  0x0000014bf55bbe48: ;   {runtime_call SafepointBlob}
  0x0000014bf55bbe48: 00e9 32ab 

  0x0000014bf55bbe4c: ;   {runtime_call StubRoutines (final stubs)}
  0x0000014bf55bbe4c: 84ff e88d | c482 ffe9 | 86f4 ffff 
[Stub Code]
  0x0000014bf55bbe58: ;   {no_reloc}
  0x0000014bf55bbe58: 48bb 0000 | 0000 0000 

  0x0000014bf55bbe60: ;   {runtime_call nmethod}
  0x0000014bf55bbe60: 0000 e9fb 

  0x0000014bf55bbe64: ;   {runtime_call ExceptionBlob}
  0x0000014bf55bbe64: ffff ffe9 | 1448 92ff 
[Deopt Handler Code]
  0x0000014bf55bbe6c: e800 0000 | 0048 832c 

  0x0000014bf55bbe74: ;   {runtime_call DeoptimizationBlob}
  0x0000014bf55bbe74: 2405 e9a5 | bf84 fff4 | f4f4 f4f4 
[/MachCode]


Compiled method (c1) 41856830 17173   !   3       sun.java2d.pipe.DrawImage::renderImageXform (790 bytes)
 total in heap  [0x0000014beddeb290,0x0000014beddefe28] = 19352
 relocation     [0x0000014beddeb3f0,0x0000014beddeb798] = 936
 constants      [0x0000014beddeb7a0,0x0000014beddeb7c0] = 32
 main code      [0x0000014beddeb7c0,0x0000014beddee250] = 10896
 stub code      [0x0000014beddee250,0x0000014beddee410] = 448
 metadata       [0x0000014beddee410,0x0000014beddee4d8] = 200
 scopes data    [0x0000014beddee4d8,0x0000014beddef7c0] = 4840
 scopes pcs     [0x0000014beddef7c0,0x0000014beddefcd0] = 1296
 dependencies   [0x0000014beddefcd0,0x0000014beddefcf8] = 40
 handler table  [0x0000014beddefcf8,0x0000014beddefd88] = 144
 nul chk table  [0x0000014beddefd88,0x0000014beddefe28] = 160


[Constant Pool]
             Address          hex4                    hex8      
  0x0000014beddeb7a0:   0xffffffff      0x7fefffffffffffff      
  0x0000014beddeb7a4:   0x7fefffff                              
  0x0000014beddeb7a8:   0xf4f4f4f4      0xf4f4f4f4f4f4f4f4      
  0x0000014beddeb7ac:   0xf4f4f4f4                              
  0x0000014beddeb7b0:   0xf4f4f4f4      0xf4f4f4f4f4f4f4f4      
  0x0000014beddeb7b4:   0xf4f4f4f4                              
  0x0000014beddeb7b8:   0xf4f4f4f4      0xf4f4f4f4f4f4f4f4      
  0x0000014beddeb7bc:   0xf4f4f4f4                              

[MachCode]
[Entry Point]
  # {method} {0x0000014b865084d8} 'renderImageXform' '(Lsun/java2d/SunGraphics2D;Ljava/awt/Image;Ljava/awt/geom/AffineTransform;IIIIILjava/awt/Color;)V' in 'sun/java2d/pipe/DrawImage'
  # this:     rdx:rdx   = 'sun/java2d/pipe/DrawImage'
  # parm0:    r8:r8     = 'sun/java2d/SunGraphics2D'
  # parm1:    r9:r9     = 'java/awt/Image'
  # parm2:    rdi:rdi   = 'java/awt/geom/AffineTransform'
  # parm3:    rsi       = int
  # parm4:    rcx       = int
  # parm5:    [sp+0x220]   = int  (sp of caller)
  # parm6:    [sp+0x228]   = int
  # parm7:    [sp+0x230]   = int
  # parm8:    [sp+0x238]   = 'java/awt/Color'
  0x0000014beddeb7c0: ;   {no_reloc}
  0x0000014beddeb7c0: 448b 5208 | 49bb 0000 | 0000 0800 | 0000 4d03 | d34c 3bd0 

  0x0000014beddeb7d4: ;   {runtime_call ic_miss_stub}
  0x0000014beddeb7d4: 0f85 a631 | 0107 660f | 1f44 0000 
[Verified Entry Point]
  0x0000014beddeb7e0: 8984 2400 | 80ff ff55 | 4881 ec10 | 0200 0090 | 4181 7f20 | 2f00 0000 

  0x0000014beddeb7f8: ;   {runtime_call StubRoutines (final stubs)}
  0x0000014beddeb7f8: 7405 e8e1 | caff 064c | 8984 24e8 | 0000 0048 | 89bc 24e0 | 0000 0089 | b424 dc00 | 0000 898c 
  0x0000014beddeb818: 24d8 0000 

  0x0000014beddeb81c: ;   {metadata(method data for {method} {0x0000014b865084d8} 'renderImageXform' '(Lsun/java2d/SunGraphics2D;Ljava/awt/Image;Ljava/awt/geom/AffineTransform;IIIIILjava/awt/Color;)V' in 'sun/java2d/pipe/DrawImage')}
  0x0000014beddeb81c: 0048 bb50 | 61b3 8f4b | 0100 008b | 83cc 0000 | 0083 c002 | 8983 cc00 | 0000 25fe | 0700 0085 
  0x0000014beddeb83c: c00f 8422 | 2600 004c | 898c 24f0 | 0000 0048 | 8994 24f8 | 0000 0048 | 3b07 488b 

  0x0000014beddeb858: ;   {metadata(method data for {method} {0x0000014b865084d8} 'renderImageXform' '(Lsun/java2d/SunGraphics2D;Ljava/awt/Image;Ljava/awt/geom/AffineTransform;IIIIILjava/awt/Color;)V' in 'sun/java2d/pipe/DrawImage')}
  0x0000014beddeb858: df48 b850 | 61b3 8f4b | 0100 0048 | 8380 2801 | 0000 0148 

  0x0000014beddeb86c: ;   {optimized virtual_call}
  0x0000014beddeb86c: 8bd7 90e8 

  0x0000014beddeb870: ; ImmutableOopMap {[224]=Oop [232]=Oop [240]=Oop [248]=Oop [568]=Oop }
                      ;*invokevirtual createInverse {reexecute=0 rethrow=0 return_oop=0}
                      ; - sun.java2d.pipe.DrawImage::renderImageXform@1 (line 371)
  0x0000014beddeb870: 8ce6 bf07 

  0x0000014beddeb874: ;   {other}
  0x0000014beddeb874: 0f1f 8400 | e405 0000 | 4889 8424 | 0801 0000 | bb06 0000 

  0x0000014beddeb888: ;   {metadata({type array double})}
  0x0000014beddeb888: 0048 bae0 | 0704 0008 | 0000 004c | 8bc8 4863 | db48 8bfb | 4881 fbff | ffff 000f | 87e2 2500 
  0x0000014beddeb8a8: 0048 c7c6 | 1700 0000 | 488d 34de | 4883 e6f8 | 498b 87b8 | 0100 0048 | 8d34 3049 | 3bb7 c801 
  0x0000014beddeb8c8: 0000 0f87 | bb25 0000 | 4989 b7b8 | 0100 0048 | 2bf0 48c7 | 0001 0000 | 0048 8bca | 49ba 0000 
  0x0000014beddeb8e8: 0000 0800 | 0000 492b | ca89 4808 | 8958 0c48 | 83ee 1048 | 85f6 0f84 | 1100 0000 | 4833 db48 
  0x0000014beddeb908: c1ee 0348 | 895c f008 | 48ff ce75 | f649 3b01 

  0x0000014beddeb918: ;   {metadata(method data for {method} {0x0000014b865084d8} 'renderImageXform' '(Lsun/java2d/SunGraphics2D;Ljava/awt/Image;Ljava/awt/geom/AffineTransform;IIIIILjava/awt/Color;)V' in 'sun/java2d/pipe/DrawImage')}
  0x0000014beddeb918: 4d8b c148 | ba50 61b3 | 8f4b 0100 | 0048 8382 | 6001 0000 | 014c 8bc0 | 498b d148 | 8984 2400 
  0x0000014beddeb938: 0100 000f 

  0x0000014beddeb93c: ;   {optimized virtual_call}
  0x0000014beddeb93c: 1f40 00e8 

  0x0000014beddeb940: ; ImmutableOopMap {[224]=Oop [232]=Oop [240]=Oop [248]=Oop [256]=Oop [264]=Oop [568]=Oop }
                      ;*invokevirtual getMatrix {reexecute=0 rethrow=0 return_oop=0}
                      ; - sun.java2d.pipe.DrawImage::renderImageXform@16 (line 373)
  0x0000014beddeb940: 1c73 8a07 

  0x0000014beddeb944: ;   {other}
  0x0000014beddeb944: 0f1f 8400 | b406 0001 | bb00 0000 | 0048 8b84 | 2400 0100 | 000f 1f80 | 0000 0000 

  0x0000014beddeb960: ;   {metadata(method data for {method} {0x0000014b865084d8} 'renderImageXform' '(Lsun/java2d/SunGraphics2D;Ljava/awt/Image;Ljava/awt/geom/AffineTransform;IIIIILjava/awt/Color;)V' in 'sun/java2d/pipe/DrawImage')}
  0x0000014beddeb960: 83fb 0648 | ba50 61b3 | 8f4b 0100 | 0048 c7c6 | 8001 0000 | 7d07 48c7 | c690 0100 | 0048 8b3c 
  0x0000014beddeb980: 3248 8d7f | 0148 893c | 320f 8d5c | 0100 003b | 580c 0f83 | 0225 0000 | 4863 d3c5 | fb10 44d0 
  0x0000014beddeb9a0: ;   {metadata(method data for {method} {0x0000014b865084d8} 'renderImageXform' '(Lsun/java2d/SunGraphics2D;Ljava/awt/Image;Ljava/awt/geom/AffineTransform;IIIIILjava/awt/Color;)V' in 'sun/java2d/pipe/DrawImage')}
  0x0000014beddeb9a0: 1048 ba50 | 61b3 8f4b | 0100 0048 | 8382 a001 

  0x0000014beddeb9b0: ;   {metadata(method data for {method} {0x0000014b8514c788} 'isFinite' '(D)Z' in 'java/lang/Double')}
  0x0000014beddeb9b0: 0000 0148 | bab8 0907 | 874b 0100 | 008b b2cc | 0000 0083 | c602 89b2 | cc00 0000 | 81e6 feff 
  0x0000014beddeb9d0: 1f00 85f6 | 0f84 ce24 

  0x0000014beddeb9d8: ;   {metadata(method data for {method} {0x0000014b8514c788} 'isFinite' '(D)Z' in 'java/lang/Double')}
  0x0000014beddeb9d8: 0000 48ba | b809 0787 | 4b01 0000 | 4883 8210 | 0100 0001 

  0x0000014beddeb9ec: ;   {external_word}
  0x0000014beddeb9ec: 49ba 2066 | a032 fa7f | 0000 c4c1 

  0x0000014beddeb9f8: ;   {section_word}
  0x0000014beddeb9f8: 7954 02c5 | fb10 0d9d | fdff ffc5 | f92e c1ba | 0100 0000 | 0f8a 1300 | 0000 0f87 | 0d00 0000 
  0x0000014beddeba18: ba00 0000 | 000f 8402 | 0000 00ff 

  0x0000014beddeba24: ;   {metadata(method data for {method} {0x0000014b8514c788} 'isFinite' '(D)Z' in 'java/lang/Double')}
  0x0000014beddeba24: ca85 d248 | bab8 0907 | 874b 0100 | 0048 c7c6 | 2001 0000 | 7f07 48c7 | c630 0100 | 0048 8b3c 
  0x0000014beddeba44: 3248 8d7f | 0148 893c | 320f 8f1a 

  0x0000014beddeba50: ;   {metadata(method data for {method} {0x0000014b8514c788} 'isFinite' '(D)Z' in 'java/lang/Double')}
  0x0000014beddeba50: 0000 0048 | bab8 0907 | 874b 0100 | 00ff 8240 | 0100 00ba | 0100 0000 | e905 0000 | 00ba 0000 
  0x0000014beddeba70: 0000 83e2 

  0x0000014beddeba74: ;   {metadata(method data for {method} {0x0000014b865084d8} 'renderImageXform' '(Lsun/java2d/SunGraphics2D;Ljava/awt/Image;Ljava/awt/geom/AffineTransform;IIIIILjava/awt/Color;)V' in 'sun/java2d/pipe/DrawImage')}
  0x0000014beddeba74: 0185 d248 | ba50 61b3 | 8f4b 0100 | 0048 c7c6 | c001 0000 | 7407 48c7 | c6b0 0100 | 0048 8b3c 
  0x0000014beddeba94: 3248 8d7f | 0148 893c | 320f 847b | 2300 00ff 

  0x0000014beddebaa4: ;   {metadata(method data for {method} {0x0000014b865084d8} 'renderImageXform' '(Lsun/java2d/SunGraphics2D;Ljava/awt/Image;Ljava/awt/geom/AffineTransform;IIIIILjava/awt/Color;)V' in 'sun/java2d/pipe/DrawImage')}
  0x0000014beddebaa4: c348 ba50 | 61b3 8f4b | 0100 008b | b2d0 0000 | 0083 c602 | 89b2 d000 | 0000 81e6 | fe3f 0000 
  0x0000014beddebac4: 85f6 0f84 | fd23 0000 | 4d8b 9750 

  0x0000014beddebad0: ; ImmutableOopMap {rax=Oop [224]=Oop [232]=Oop [240]=Oop [248]=Oop [264]=Oop [568]=Oop }
                      ;*goto {reexecute=1 rethrow=0 return_oop=0}
                      ; - (reexecute) sun.java2d.pipe.DrawImage::renderImageXform@57 (line 374)
                      ;   {poll}
  0x0000014beddebad0: 0400 0041 

  0x0000014beddebad4: ;   {metadata(method data for {method} {0x0000014b865084d8} 'renderImageXform' '(Lsun/java2d/SunGraphics2D;Ljava/awt/Image;Ljava/awt/geom/AffineTransform;IIIIILjava/awt/Color;)V' in 'sun/java2d/pipe/DrawImage')}
  0x0000014beddebad4: 8502 48ba | 5061 b38f | 4b01 0000 | ff82 d001 | 0000 e975 

  0x0000014beddebae8: ;   {metadata(method data for {method} {0x0000014b865084d8} 'renderImageXform' '(Lsun/java2d/SunGraphics2D;Ljava/awt/Image;Ljava/awt/geom/AffineTransform;IIIIILjava/awt/Color;)V' in 'sun/java2d/pipe/DrawImage')}
  0x0000014beddebae8: feff ff48 | bb50 61b3 | 8f4b 0100 | 00ff 83e8 | 0100 0044 | 8bac 2430 | 0200 0044 | 8b9c 2428 
  0x0000014beddebb08: 0200 0044 | 8bb4 2420 | 0200 0048 | 8bbc 24e0 | 0000 00bb | 0800 0000 

  0x0000014beddebb20: ;   {metadata({type array double})}
  0x0000014beddebb20: 48ba e007 | 0400 0800 | 0000 4c8b | cf48 63db | 488b fb48 | 81fb ffff | ff00 0f87 | aa23 0000 
  0x0000014beddebb40: 48c7 c617 | 0000 0048 | 8d34 de48 | 83e6 f849 | 8b87 b801 | 0000 488d | 3430 493b | b7c8 0100 
  0x0000014beddebb60: 000f 8783 | 2300 0049 | 89b7 b801 | 0000 482b | f048 c700 | 0100 0000 | 488b ca49 | ba00 0000 
  0x0000014beddebb80: 0008 0000 | 0049 2bca | 8948 0889 | 580c 4883 | ee10 4885 | f60f 8411 | 0000 0048 | 33db 48c1 
  0x0000014beddebba0: ee03 4889 | 5cf0 0848 | ffce 75f6 | 498b db2b | 9c24 d800 | 0000 899c | 2414 0100 | 00c5 fb2a 
  0x0000014beddebbc0: c3c5 fb11 | 4040 c5fb | 1140 2049 | 8bd5 412b | d689 9424 | 1001 0000 | c5fb 2ac2 | c5fb 1140 
  0x0000014beddebbe0: 48c5 fb11 | 4038 498b 

  0x0000014beddebbe8: ;   {metadata(method data for {method} {0x0000014b865084d8} 'renderImageXform' '(Lsun/java2d/SunGraphics2D;Ljava/awt/Image;Ljava/awt/geom/AffineTransform;IIIIILjava/awt/Color;)V' in 'sun/java2d/pipe/DrawImage')}
  0x0000014beddebbe8: f949 b850 | 61b3 8f4b | 0100 0049 | 8380 1802 | 0000 014c | 8bc0 41b9 | 0000 0000 | 488b f8be 
  0x0000014beddebc08: 0000 0000 | b904 0000 | 0048 8b94 | 24e0 0000 | 0048 8984 | 2418 0100 | 0066 0f1f 

  0x0000014beddebc24: ;   {optimized virtual_call}
  0x0000014beddebc24: 4400 00e8 

  0x0000014beddebc28: ; ImmutableOopMap {[232]=Oop [240]=Oop [248]=Oop [264]=Oop [280]=Oop [568]=Oop }
                      ;*invokevirtual transform {reexecute=0 rethrow=0 return_oop=0}
                      ; - sun.java2d.pipe.DrawImage::renderImageXform@112 (line 399)
  0x0000014beddebc28: 546e 6307 

  0x0000014beddebc2c: ;   {other}
  0x0000014beddebc2c: 0f1f 8400 | 9c09 0003 | 488b 8424 | 1801 0000 | c5fb 1040 | 10c5 fb10 | 4818 c5f9 | 28d1 c5f9 
  0x0000014beddebc4c: 28d8 ba02 | 0000 000f | 1f44 0000 

  0x0000014beddebc58: ;   {metadata(method data for {method} {0x0000014b865084d8} 'renderImageXform' '(Lsun/java2d/SunGraphics2D;Ljava/awt/Image;Ljava/awt/geom/AffineTransform;IIIIILjava/awt/Color;)V' in 'sun/java2d/pipe/DrawImage')}
  0x0000014beddebc58: 83fa 0848 | be50 61b3 | 8f4b 0100 | 0048 c7c7 | 3802 0000 | 7d07 48c7 | c748 0200 | 0048 8b1c 
  0x0000014beddebc78: 3e48 8d5b | 0148 891c | 3e0f 8d10 | 0200 00be | 0800 0000 | 3bf2 0f86 | 6022 0000 | 4863 f2c5 
  0x0000014beddebc98: fb10 64f0 | 10c5 f92e | c4be ffff | ffff 0f8a | 1400 0000 | 0f82 0e00 | 0000 be00 | 0000 000f 
  0x0000014beddebcb8: 8403 0000 | 0048 ffc6 

  0x0000014beddebcc0: ;   {metadata(method data for {method} {0x0000014b865084d8} 'renderImageXform' '(Lsun/java2d/SunGraphics2D;Ljava/awt/Image;Ljava/awt/geom/AffineTransform;IIIIILjava/awt/Color;)V' in 'sun/java2d/pipe/DrawImage')}
  0x0000014beddebcc0: 85f6 48be | 5061 b38f | 4b01 0000 | 48c7 c758 | 0200 007e | 0748 c7c7 | 6802 0000 | 488b 1c3e 
  0x0000014beddebce0: 488d 5b01 | 4889 1c3e | 0f8e 1500 

  0x0000014beddebcec: ;   {metadata(method data for {method} {0x0000014b865084d8} 'renderImageXform' '(Lsun/java2d/SunGraphics2D;Ljava/awt/Image;Ljava/awt/geom/AffineTransform;IIIIILjava/awt/Color;)V' in 'sun/java2d/pipe/DrawImage')}
  0x0000014beddebcec: 0000 48be | 5061 b38f | 4b01 0000 | ff86 7802 | 0000 e961 | 0000 00c5 | f92e dcbe | 0100 0000 
  0x0000014beddebd0c: 0f8a 1300 | 0000 0f87 | 0d00 0000 | be00 0000 | 000f 8402 | 0000 00ff 

  0x0000014beddebd24: ;   {metadata(method data for {method} {0x0000014b865084d8} 'renderImageXform' '(Lsun/java2d/SunGraphics2D;Ljava/awt/Image;Ljava/awt/geom/AffineTransform;IIIIILjava/awt/Color;)V' in 'sun/java2d/pipe/DrawImage')}
  0x0000014beddebd24: ce85 f648 | be50 61b3 | 8f4b 0100 | 0048 c7c7 | a002 0000 | 7c07 48c7 | c790 0200 | 0048 8b1c 
  0x0000014beddebd44: 3e48 8d5b | 0148 891c | 3e0f 8c09 | 0000 00c5 | f928 e0e9 | 0800 0000 | c5f9 28dc | c5f9 28e0 
  0x0000014beddebd64: 488b f2ff | c6bf 0800 | 0000 3bfe | 0f86 8c21 | 0000 4863 | f6c5 fb10 | 44f0 10c5 | f92e c8be 
  0x0000014beddebd84: ffff ffff | 0f8a 1400 | 0000 0f82 | 0e00 0000 | be00 0000 | 000f 8403 | 0000 0048 | ffc6 85f6 
  0x0000014beddebda4: ;   {metadata(method data for {method} {0x0000014b865084d8} 'renderImageXform' '(Lsun/java2d/SunGraphics2D;Ljava/awt/Image;Ljava/awt/geom/AffineTransform;IIIIILjava/awt/Color;)V' in 'sun/java2d/pipe/DrawImage')}
  0x0000014beddebda4: 48be 5061 | b38f 4b01 | 0000 48c7 | c7b0 0200 | 007e 0748 | c7c7 c002 | 0000 488b | 1c3e 488d 
  0x0000014beddebdc4: 5b01 4889 | 1c3e 0f8e | 1500 0000 

  0x0000014beddebdd0: ;   {metadata(method data for {method} {0x0000014b865084d8} 'renderImageXform' '(Lsun/java2d/SunGraphics2D;Ljava/awt/Image;Ljava/awt/geom/AffineTransform;IIIIILjava/awt/Color;)V' in 'sun/java2d/pipe/DrawImage')}
  0x0000014beddebdd0: 48be 5061 | b38f 4b01 | 0000 ff86 | d002 0000 | e961 0000 | 00c5 f92e | d0be 0100 | 0000 0f8a 
  0x0000014beddebdf0: 1300 0000 | 0f87 0d00 | 0000 be00 | 0000 000f | 8402 0000 | 00ff ce85 

  0x0000014beddebe08: ;   {metadata(method data for {method} {0x0000014b865084d8} 'renderImageXform' '(Lsun/java2d/SunGraphics2D;Ljava/awt/Image;Ljava/awt/geom/AffineTransform;IIIIILjava/awt/Color;)V' in 'sun/java2d/pipe/DrawImage')}
  0x0000014beddebe08: f648 be50 | 61b3 8f4b | 0100 0048 | c7c7 f802 | 0000 7c07 | 48c7 c7e8 | 0200 0048 | 8b1c 3e48 
  0x0000014beddebe28: 8d5b 0148 | 891c 3e0f | 8c09 0000 | 00c5 f928 | c1e9 0800 | 0000 c5f9 | 28d0 c5f9 | 28c1 83c2 
  0x0000014beddebe48: ;   {metadata(method data for {method} {0x0000014b865084d8} 'renderImageXform' '(Lsun/java2d/SunGraphics2D;Ljava/awt/Image;Ljava/awt/geom/AffineTransform;IIIIILjava/awt/Color;)V' in 'sun/java2d/pipe/DrawImage')}
  0x0000014beddebe48: 0248 be50 | 61b3 8f4b | 0100 008b | bed0 0000 | 0083 c702 | 89be d000 | 0000 81e7 | fe3f 0000 
  0x0000014beddebe68: 85ff 0f84 | a020 0000 | 4d8b 9750 

  0x0000014beddebe74: ; ImmutableOopMap {rax=Oop [232]=Oop [240]=Oop [248]=Oop [264]=Oop [568]=Oop }
                      ;*goto {reexecute=1 rethrow=0 return_oop=0}
                      ; - (reexecute) sun.java2d.pipe.DrawImage::renderImageXform@217 (line 403)
                      ;   {poll}
  0x0000014beddebe74: 0400 0041 

  0x0000014beddebe78: ;   {metadata(method data for {method} {0x0000014b865084d8} 'renderImageXform' '(Lsun/java2d/SunGraphics2D;Ljava/awt/Image;Ljava/awt/geom/AffineTransform;IIIIILjava/awt/Color;)V' in 'sun/java2d/pipe/DrawImage')}
  0x0000014beddebe78: 8502 48be | 5061 b38f | 4b01 0000 | ff86 0803 | 0000 c5f9 | 28c8 c5f9 | 28c4 e9c1 | fdff ff4c 
  0x0000014beddebe98: 8b84 24e8 | 0000 0049 | 3b00 498b 

  0x0000014beddebea4: ;   {metadata(method data for {method} {0x0000014b865084d8} 'renderImageXform' '(Lsun/java2d/SunGraphics2D;Ljava/awt/Image;Ljava/awt/geom/AffineTransform;IIIIILjava/awt/Color;)V' in 'sun/java2d/pipe/DrawImage')}
  0x0000014beddebea4: d048 be50 | 61b3 8f4b | 0100 0048 | 8386 2003 

  0x0000014beddebeb4: ;   {metadata(method data for {method} {0x0000014b8646ba78} 'getCompClip' '()Lsun/java2d/pipe/Region;' in 'sun/java2d/SunGraphics2D')}
  0x0000014beddebeb4: 0000 0148 | bad8 50aa | 884b 0100 | 008b b2cc | 0000 0083 | c602 89b2 | cc00 0000 | 81e6 feff 
  0x0000014beddebed4: 1f00 85f6 | 0f84 5820 | 0000 418b | 5060 48c1 | e203 483b | 0248 8bf2 

  0x0000014beddebeec: ;   {metadata(method data for {method} {0x0000014b8646ba78} 'getCompClip' '()Lsun/java2d/pipe/Region;' in 'sun/java2d/SunGraphics2D')}
  0x0000014beddebeec: 48bf d850 | aa88 4b01 | 0000 4883 | 8710 0100 | 0001 0fbe | 5220 83e2 

  0x0000014beddebf04: ;   {metadata(method data for {method} {0x0000014b8646ba78} 'getCompClip' '()Lsun/java2d/pipe/Region;' in 'sun/java2d/SunGraphics2D')}
  0x0000014beddebf04: 0185 d248 | bad8 50aa | 884b 0100 | 0048 c7c6 | 4801 0000 | 7507 48c7 | c658 0100 | 0048 8b3c 
  0x0000014beddebf24: 3248 8d7f | 0148 893c | 32c5 fb11 | 9424 0002 | 0000 c5fb | 119c 24f8 | 0100 00c5 | fb11 8c24 
  0x0000014beddebf44: f001 0000 | c5fb 1184 | 24e8 0100 | 000f 852d | 0000 0049 

  0x0000014beddebf58: ;   {metadata(method data for {method} {0x0000014b8646ba78} 'getCompClip' '()Lsun/java2d/pipe/Region;' in 'sun/java2d/SunGraphics2D')}
  0x0000014beddebf58: 8bd0 48be | d850 aa88 | 4b01 0000 | 4883 8668 | 0100 0001 

  0x0000014beddebf6c: ;   {optimized virtual_call}
  0x0000014beddebf6c: 498b d0e8 

  0x0000014beddebf70: ; ImmutableOopMap {[232]=Oop [240]=Oop [248]=Oop [264]=Oop [568]=Oop }
                      ;*invokevirtual revalidateAll {reexecute=0 rethrow=0 return_oop=0}
                      ; - sun.java2d.SunGraphics2D::getCompClip@11 (line 557)
                      ; - sun.java2d.pipe.DrawImage::renderImageXform@221 (line 412)
  0x0000014beddebf70: 0c2f 0107 

  0x0000014beddebf74: ;   {other}
  0x0000014beddebf74: 0f1f 8400 | e40c 0005 | 4c8b 8424 | e800 0000 | 418b b0ac | 0000 0048 | c1e6 0348 | 89b4 2420 
  0x0000014beddebf94: 0100 00c5 | fb10 8424 | e801 0000 

  0x0000014beddebfa0: ;   {metadata(method data for {method} {0x0000014b865084d8} 'renderImageXform' '(Lsun/java2d/SunGraphics2D;Ljava/awt/Image;Ljava/awt/geom/AffineTransform;IIIIILjava/awt/Color;)V' in 'sun/java2d/pipe/DrawImage')}
  0x0000014beddebfa0: 48bf 5061 | b38f 4b01 | 0000 4883 | 8758 0300 

  0x0000014beddebfb0: ;   {metadata(method data for {method} {0x0000014b851a6888} 'floor' '(D)D' in 'java/lang/Math')}
  0x0000014beddebfb0: 0001 48bf | 38d0 1188 | 4b01 0000 | 8b9f cc00 | 0000 83c3 | 0289 9fcc | 0000 0081 | e3fe ff1f 
  0x0000014beddebfd0: 0085 db0f | 8483 1f00 

  0x0000014beddebfd8: ;   {metadata(method data for {method} {0x0000014b851a6888} 'floor' '(D)D' in 'java/lang/Math')}
  0x0000014beddebfd8: 0048 bf38 | d011 884b | 0100 0048 | 8387 1001 | 0000 010f 

  0x0000014beddebfec: ;   {static_call}
  0x0000014beddebfec: 1f40 00e8 

  0x0000014beddebff0: ; ImmutableOopMap {[232]=Oop [240]=Oop [248]=Oop [264]=Oop [288]=Oop [568]=Oop }
                      ;*invokestatic floor {reexecute=0 rethrow=0 return_oop=0}
                      ; - java.lang.Math::floor@1 (line 523)
                      ; - sun.java2d.pipe.DrawImage::renderImageXform@228 (line 413)
  0x0000014beddebff0: 4ce0 da07 

  0x0000014beddebff4: ;   {other}
  0x0000014beddebff4: 0f1f 8400 | 640d 0006 | c5fb 2cf0 | 81fe 0000 | 0080 750f | 4883 ec08 | c5fb 1104 

  0x0000014beddec010: ;   {runtime_call StubRoutines (initial stubs)}
  0x0000014beddec010: 24e8 3553 | fc06 5e48 | 8bbc 2420 | 0100 0048 | 3b07 488b 

  0x0000014beddec024: ;   {metadata(method data for {method} {0x0000014b865084d8} 'renderImageXform' '(Lsun/java2d/SunGraphics2D;Ljava/awt/Image;Ljava/awt/geom/AffineTransform;IIIIILjava/awt/Color;)V' in 'sun/java2d/pipe/DrawImage')}
  0x0000014beddec024: df48 b850 | 61b3 8f4b | 0100 0048 | 8380 6803 | 0000 018b 

  0x0000014beddec038: ;   {metadata(method data for {method} {0x0000014b865084d8} 'renderImageXform' '(Lsun/java2d/SunGraphics2D;Ljava/awt/Image;Ljava/awt/geom/AffineTransform;IIIIILjava/awt/Color;)V' in 'sun/java2d/pipe/DrawImage')}
  0x0000014beddec038: 5f0c 48b8 | 5061 b38f | 4b01 0000 | 4883 80a0 | 0300 0001 

  0x0000014beddec04c: ;   {metadata(method data for {method} {0x0000014b851a94a0} 'max' '(II)I' in 'java/lang/Math')}
  0x0000014beddec04c: 48b8 204a | 5885 4b01 | 0000 8b90 | cc00 0000 | 83c2 0289 | 90cc 0000 | 0081 e2fe | ff1f 0085 
  0x0000014beddec06c: d20f 840f | 1f00 003b 

  0x0000014beddec074: ;   {metadata(method data for {method} {0x0000014b851a94a0} 'max' '(II)I' in 'java/lang/Math')}
  0x0000014beddec074: f348 b820 | 4a58 854b | 0100 0048 | c7c2 1001 | 0000 7c07 | 48c7 c220 | 0100 0048 | 8b0c 1048 
  0x0000014beddec094: 8d49 0148 | 890c 100f | 8c15 0000 

  0x0000014beddec0a0: ;   {metadata(method data for {method} {0x0000014b851a94a0} 'max' '(II)I' in 'java/lang/Math')}
  0x0000014beddec0a0: 0048 bb20 | 4a58 854b | 0100 00ff | 8330 0100 | 00e9 0300 | 0000 488b | f389 b424 | 2801 0000 
  0x0000014beddec0c0: c5fb 108c | 24f0 0100 

  0x0000014beddec0c8: ;   {metadata(method data for {method} {0x0000014b865084d8} 'renderImageXform' '(Lsun/java2d/SunGraphics2D;Ljava/awt/Image;Ljava/awt/geom/AffineTransform;IIIIILjava/awt/Color;)V' in 'sun/java2d/pipe/DrawImage')}
  0x0000014beddec0c8: 0048 bb50 | 61b3 8f4b | 0100 0048 | 8383 b003 

  0x0000014beddec0d8: ;   {metadata(method data for {method} {0x0000014b851a6888} 'floor' '(D)D' in 'java/lang/Math')}
  0x0000014beddec0d8: 0000 0148 | bb38 d011 | 884b 0100 | 008b 83cc | 0000 0083 | c002 8983 | cc00 0000 | 25fe ff1f 
  0x0000014beddec0f8: 0085 c00f | 84a2 1e00 

  0x0000014beddec100: ;   {metadata(method data for {method} {0x0000014b851a6888} 'floor' '(D)D' in 'java/lang/Math')}
  0x0000014beddec100: 0048 bb38 | d011 884b | 0100 0048 | 8383 1001 | 0000 01c5 

  0x0000014beddec114: ;   {static_call}
  0x0000014beddec114: f928 c1e8 

  0x0000014beddec118: ; ImmutableOopMap {[232]=Oop [240]=Oop [248]=Oop [264]=Oop [288]=Oop [568]=Oop }
                      ;*invokestatic floor {reexecute=0 rethrow=0 return_oop=0}
                      ; - java.lang.Math::floor@1 (line 523)
                      ; - sun.java2d.pipe.DrawImage::renderImageXform@244 (line 414)
  0x0000014beddec118: 24df da07 

  0x0000014beddec11c: ;   {other}
  0x0000014beddec11c: 0f1f 8400 | 8c0e 0007 | c5fb 2cf0 | 81fe 0000 | 0080 750f | 4883 ec08 | c5fb 1104 

  0x0000014beddec138: ;   {runtime_call StubRoutines (initial stubs)}
  0x0000014beddec138: 24e8 0d52 | fc06 5e48 | 8bbc 2420 

  0x0000014beddec144: ;   {metadata(method data for {method} {0x0000014b865084d8} 'renderImageXform' '(Lsun/java2d/SunGraphics2D;Ljava/awt/Image;Ljava/awt/geom/AffineTransform;IIIIILjava/awt/Color;)V' in 'sun/java2d/pipe/DrawImage')}
  0x0000014beddec144: 0100 0048 | bb50 61b3 | 8f4b 0100 | 0048 8383 | c003 0000 | 0148 8bbc | 2420 0100 | 008b 5f10 
  0x0000014beddec164: ;   {metadata(method data for {method} {0x0000014b865084d8} 'renderImageXform' '(Lsun/java2d/SunGraphics2D;Ljava/awt/Image;Ljava/awt/geom/AffineTransform;IIIIILjava/awt/Color;)V' in 'sun/java2d/pipe/DrawImage')}
  0x0000014beddec164: 48b8 5061 | b38f 4b01 | 0000 4883 | 80f8 0300 

  0x0000014beddec174: ;   {metadata(method data for {method} {0x0000014b851a94a0} 'max' '(II)I' in 'java/lang/Math')}
  0x0000014beddec174: 0001 48b8 | 204a 5885 | 4b01 0000 | 8b90 cc00 | 0000 83c2 | 0289 90cc | 0000 0081 | e2fe ff1f 
  0x0000014beddec194: 0085 d20f | 8427 1e00 

  0x0000014beddec19c: ;   {metadata(method data for {method} {0x0000014b851a94a0} 'max' '(II)I' in 'java/lang/Math')}
  0x0000014beddec19c: 003b f348 | b820 4a58 | 854b 0100 | 0048 c7c2 | 1001 0000 | 7c07 48c7 | c220 0100 | 0048 8b0c 
  0x0000014beddec1bc: 1048 8d49 | 0148 890c | 100f 8c15 

  0x0000014beddec1c8: ;   {metadata(method data for {method} {0x0000014b851a94a0} 'max' '(II)I' in 'java/lang/Math')}
  0x0000014beddec1c8: 0000 0048 | bb20 4a58 | 854b 0100 | 00ff 8330 | 0100 00e9 | 0300 0000 | 488b f389 | b424 2c01 
  0x0000014beddec1e8: 0000 c5fb | 109c 24f8 

  0x0000014beddec1f0: ;   {metadata(method data for {method} {0x0000014b865084d8} 'renderImageXform' '(Lsun/java2d/SunGraphics2D;Ljava/awt/Image;Ljava/awt/geom/AffineTransform;IIIIILjava/awt/Color;)V' in 'sun/java2d/pipe/DrawImage')}
  0x0000014beddec1f0: 0100 0048 | bb50 61b3 | 8f4b 0100 | 0048 8383 | 0804 0000 

  0x0000014beddec204: ;   {metadata(method data for {method} {0x0000014b851a67c8} 'ceil' '(D)D' in 'java/lang/Math')}
  0x0000014beddec204: 0148 bb28 | b212 864b | 0100 008b | 83cc 0000 | 0083 c002 | 8983 cc00 | 0000 25fe | ff1f 0085 
  0x0000014beddec224: c00f 84ba 

  0x0000014beddec228: ;   {metadata(method data for {method} {0x0000014b851a67c8} 'ceil' '(D)D' in 'java/lang/Math')}
  0x0000014beddec228: 1d00 0048 | bb28 b212 | 864b 0100 | 0048 8383 | 1001 0000 | 01c5 f928 | c366 0f1f 

  0x0000014beddec244: ;   {static_call}
  0x0000014beddec244: 4400 00e8 

  0x0000014beddec248: ; ImmutableOopMap {[232]=Oop [240]=Oop [248]=Oop [264]=Oop [288]=Oop [568]=Oop }
                      ;*invokestatic ceil {reexecute=0 rethrow=0 return_oop=0}
                      ; - java.lang.Math::ceil@1 (line 499)
                      ; - sun.java2d.pipe.DrawImage::renderImageXform@260 (line 415)
  0x0000014beddec248: f4d2 7a07 

  0x0000014beddec24c: ;   {other}
  0x0000014beddec24c: 0f1f 8400 | bc0f 0008 | c5fb 2cf0 | 81fe 0000 | 0080 750f | 4883 ec08 | c5fb 1104 

  0x0000014beddec268: ;   {runtime_call StubRoutines (initial stubs)}
  0x0000014beddec268: 24e8 dd50 | fc06 5e48 | 8bbc 2420 

  0x0000014beddec274: ;   {metadata(method data for {method} {0x0000014b865084d8} 'renderImageXform' '(Lsun/java2d/SunGraphics2D;Ljava/awt/Image;Ljava/awt/geom/AffineTransform;IIIIILjava/awt/Color;)V' in 'sun/java2d/pipe/DrawImage')}
  0x0000014beddec274: 0100 0048 | bb50 61b3 | 8f4b 0100 | 0048 8383 | 1804 0000 | 0148 8bbc | 2420 0100 | 008b 5f14 
  0x0000014beddec294: ;   {metadata(method data for {method} {0x0000014b865084d8} 'renderImageXform' '(Lsun/java2d/SunGraphics2D;Ljava/awt/Image;Ljava/awt/geom/AffineTransform;IIIIILjava/awt/Color;)V' in 'sun/java2d/pipe/DrawImage')}
  0x0000014beddec294: 48b8 5061 | b38f 4b01 | 0000 4883 | 8050 0400 

  0x0000014beddec2a4: ;   {metadata(method data for {method} {0x0000014b851a9878} 'min' '(II)I' in 'java/lang/Math')}
  0x0000014beddec2a4: 0001 48b8 | e836 3c85 | 4b01 0000 | 8b90 cc00 | 0000 83c2 | 0289 90cc | 0000 0081 | e2fe ff1f 
  0x0000014beddec2c4: 0085 d20f | 8439 1d00 

  0x0000014beddec2cc: ;   {metadata(method data for {method} {0x0000014b851a9878} 'min' '(II)I' in 'java/lang/Math')}
  0x0000014beddec2cc: 003b f348 | b8e8 363c | 854b 0100 | 0048 c7c2 | 1001 0000 | 7f07 48c7 | c220 0100 | 0048 8b0c 
  0x0000014beddec2ec: 1048 8d49 | 0148 890c | 100f 8f15 

  0x0000014beddec2f8: ;   {metadata(method data for {method} {0x0000014b851a9878} 'min' '(II)I' in 'java/lang/Math')}
  0x0000014beddec2f8: 0000 0048 | bbe8 363c | 854b 0100 | 00ff 8330 | 0100 00e9 | 0300 0000 | 488b f389 | b424 3001 
  0x0000014beddec318: 0000 c5fb | 1094 2400 

  0x0000014beddec320: ;   {metadata(method data for {method} {0x0000014b865084d8} 'renderImageXform' '(Lsun/java2d/SunGraphics2D;Ljava/awt/Image;Ljava/awt/geom/AffineTransform;IIIIILjava/awt/Color;)V' in 'sun/java2d/pipe/DrawImage')}
  0x0000014beddec320: 0200 0048 | bb50 61b3 | 8f4b 0100 | 0048 8383 | 6004 0000 

  0x0000014beddec334: ;   {metadata(method data for {method} {0x0000014b851a67c8} 'ceil' '(D)D' in 'java/lang/Math')}
  0x0000014beddec334: 0148 bb28 | b212 864b | 0100 008b | 83cc 0000 | 0083 c002 | 8983 cc00 | 0000 25fe | ff1f 0085 
  0x0000014beddec354: c00f 84cc 

  0x0000014beddec358: ;   {metadata(method data for {method} {0x0000014b851a67c8} 'ceil' '(D)D' in 'java/lang/Math')}
  0x0000014beddec358: 1c00 0048 | bb28 b212 | 864b 0100 | 0048 8383 | 1001 0000 | 01c5 f928 | c266 0f1f 

  0x0000014beddec374: ;   {static_call}
  0x0000014beddec374: 4400 00e8 

  0x0000014beddec378: ; ImmutableOopMap {[232]=Oop [240]=Oop [248]=Oop [264]=Oop [288]=Oop [568]=Oop }
                      ;*invokestatic ceil {reexecute=0 rethrow=0 return_oop=0}
                      ; - java.lang.Math::ceil@1 (line 499)
                      ; - sun.java2d.pipe.DrawImage::renderImageXform@276 (line 416)
  0x0000014beddec378: c4d1 7a07 

  0x0000014beddec37c: ;   {other}
  0x0000014beddec37c: 0f1f 8400 | ec10 0009 | c57b 2cc0 | 4181 f800 | 0000 8075 | 1048 83ec | 08c5 fb11 

  0x0000014beddec398: ;   {runtime_call StubRoutines (initial stubs)}
  0x0000014beddec398: 0424 e8ac | 4ffc 0641 | 5848 8bb4 | 2420 0100 

  0x0000014beddec3a8: ;   {metadata(method data for {method} {0x0000014b865084d8} 'renderImageXform' '(Lsun/java2d/SunGraphics2D;Ljava/awt/Image;Ljava/awt/geom/AffineTransform;IIIIILjava/awt/Color;)V' in 'sun/java2d/pipe/DrawImage')}
  0x0000014beddec3a8: 0049 b950 | 61b3 8f4b | 0100 0049 | 8381 7004 | 0000 0148 | 8bb4 2420 | 0100 0044 

  0x0000014beddec3c4: ;   {metadata(method data for {method} {0x0000014b865084d8} 'renderImageXform' '(Lsun/java2d/SunGraphics2D;Ljava/awt/Image;Ljava/awt/geom/AffineTransform;IIIIILjava/awt/Color;)V' in 'sun/java2d/pipe/DrawImage')}
  0x0000014beddec3c4: 8b4e 1848 | bf50 61b3 | 8f4b 0100 | 0048 8387 | a804 0000 

  0x0000014beddec3d8: ;   {metadata(method data for {method} {0x0000014b851a9878} 'min' '(II)I' in 'java/lang/Math')}
  0x0000014beddec3d8: 0148 bfe8 | 363c 854b | 0100 008b | 97cc 0000 | 0083 c202 | 8997 cc00 | 0000 81e2 | feff 1f00 
  0x0000014beddec3f8: 85d2 0f84 | 481c 0000 

  0x0000014beddec400: ;   {metadata(method data for {method} {0x0000014b851a9878} 'min' '(II)I' in 'java/lang/Math')}
  0x0000014beddec400: 453b c148 | bfe8 363c | 854b 0100 | 0048 c7c2 | 1001 0000 | 7f07 48c7 | c220 0100 | 0048 8b1c 
  0x0000014beddec420: 1748 8d5b | 0148 891c | 170f 8f16 

  0x0000014beddec42c: ;   {metadata(method data for {method} {0x0000014b851a9878} 'min' '(II)I' in 'java/lang/Math')}
  0x0000014beddec42c: 0000 0049 | b9e8 363c | 854b 0100 | 0041 ff81 | 3001 0000 | e903 0000 | 004d 8bc1 | 8b9c 2430 
  0x0000014beddec44c: 0100 003b | 9c24 2801 

  0x0000014beddec454: ;   {metadata(method data for {method} {0x0000014b865084d8} 'renderImageXform' '(Lsun/java2d/SunGraphics2D;Ljava/awt/Image;Ljava/awt/geom/AffineTransform;IIIIILjava/awt/Color;)V' in 'sun/java2d/pipe/DrawImage')}
  0x0000014beddec454: 0000 49b9 | 5061 b38f | 4b01 0000 | 48c7 c7b8 | 0400 007e | 0748 c7c7 | c804 0000 | 498b 1439 
  0x0000014beddec474: 488d 5201 | 4989 1439 | 0f8e 8619 | 0000 443b | 8424 2c01 

  0x0000014beddec488: ;   {metadata(method data for {method} {0x0000014b865084d8} 'renderImageXform' '(Lsun/java2d/SunGraphics2D;Ljava/awt/Image;Ljava/awt/geom/AffineTransform;IIIIILjava/awt/Color;)V' in 'sun/java2d/pipe/DrawImage')}
  0x0000014beddec488: 0000 49b9 | 5061 b38f | 4b01 0000 | 48c7 c7e8 | 0400 007e | 0748 c7c7 | d804 0000 | 498b 1439 
  0x0000014beddec4a8: 488d 5201 | 4989 1439 | 0f8e 5219 | 0000 4489 | 8424 3401 | 0000 899c | 2430 0100 | 0048 8b9c 
  0x0000014beddec4c8: 2438 0200 | 004c 8b84 | 24e8 0000 | 0045 8b58 | 6049 c1e3 | 034c 899c | 2438 0100 | 0041 8bb8 
  0x0000014beddec4e8: 8000 0000 | 48c1 e703 

  0x0000014beddec4f0: ; implicit exception: dispatches to 0x0000014beddee069
  0x0000014beddec4f0: 493b 034d 

  0x0000014beddec4f4: ;   {metadata(method data for {method} {0x0000014b865084d8} 'renderImageXform' '(Lsun/java2d/SunGraphics2D;Ljava/awt/Image;Ljava/awt/geom/AffineTransform;IIIIILjava/awt/Color;)V' in 'sun/java2d/pipe/DrawImage')}
  0x0000014beddec4f4: 8bcb 48ba | 5061 b38f | 4b01 0000 | 458b 4908 | 49ba 0000 | 0000 0800 | 0000 4d03 | ca4c 3b8a 
  0x0000014beddec514: 0805 0000 | 750d 4883 | 8210 0500 | 0001 e960 | 0000 004c | 3b8a 1805 | 0000 750d | 4883 8220 
  0x0000014beddec534: 0500 0001 | e94a 0000 | 0048 83ba | 0805 0000 | 0075 174c | 898a 0805 | 0000 48c7 | 8210 0500 
  0x0000014beddec554: 0001 0000 | 00e9 2900 | 0000 4883 | ba18 0500 | 0000 7517 | 4c89 8a18 | 0500 0048 | c782 2005 
  0x0000014beddec574: 0000 0100 | 0000 e908 | 0000 0048 | 8382 f804 | 0000 014c | 8b84 24f0 | 0000 0041 | b904 0000 
  0x0000014beddec594: 0048 8bf3 | 498b d30f 

  0x0000014beddec59c: ;   {optimized virtual_call}
  0x0000014beddec59c: 1f40 00e8 

  0x0000014beddec5a0: ; ImmutableOopMap {[232]=Oop [240]=Oop [248]=Oop [264]=Oop [288]=Oop [312]=Oop [568]=Oop }
                      ;*invokevirtual getSourceSurfaceData {reexecute=0 rethrow=0 return_oop=0}
                      ; - sun.java2d.pipe.DrawImage::renderImageXform@321 (line 423)
  0x0000014beddec5a0: 5c05 e007 

  0x0000014beddec5a4: ;   {other}
  0x0000014beddec5a4: 0f1f 8400 | 1413 000a 

  0x0000014beddec5ac: ;   {metadata(method data for {method} {0x0000014b865084d8} 'renderImageXform' '(Lsun/java2d/SunGraphics2D;Ljava/awt/Image;Ljava/awt/geom/AffineTransform;IIIIILjava/awt/Color;)V' in 'sun/java2d/pipe/DrawImage')}
  0x0000014beddec5ac: 4885 c048 | ba50 61b3 | 8f4b 0100 | 0048 c7c6 | 3005 0000 | 7507 48c7 | c640 0500 | 0048 8b3c 
  0x0000014beddec5cc: 3248 8d7f | 0148 893c | 324c 8b8c | 24f0 0000 | 000f 85a3 | 0400 0048 | 8b94 24f8 

  0x0000014beddec5e8: ;   {metadata(method data for {method} {0x0000014b865084d8} 'renderImageXform' '(Lsun/java2d/SunGraphics2D;Ljava/awt/Image;Ljava/awt/geom/AffineTransform;IIIIILjava/awt/Color;)V' in 'sun/java2d/pipe/DrawImage')}
  0x0000014beddec5e8: 0000 0048 | be50 61b3 | 8f4b 0100 

  0x0000014beddec5f4: ;   {metadata('sun/java2d/pipe/DrawImage')}
  0x0000014beddec5f4: 0049 bae0 | 3922 0008 | 0000 004c | 8996 6005 | 0000 4883 | 8668 0500 

  0x0000014beddec60c: ;   {metadata(method data for {method} {0x0000014b86509420} 'getBufferedImage' '(Ljava/awt/Image;)Ljava/awt/image/BufferedImage;' in 'sun/java2d/pipe/DrawImage')}
  0x0000014beddec60c: 0001 48ba | 986d b38f | 4b01 0000 | 8bb2 cc00 | 0000 83c6 | 0289 b2cc | 0000 0081 | e6fe ff1f 
  0x0000014beddec62c: 0085 f60f | 8439 1a00 | 004d 85c9 

  0x0000014beddec638: ;   {metadata(method data for {method} {0x0000014b86509420} 'getBufferedImage' '(Ljava/awt/Image;)Ljava/awt/image/BufferedImage;' in 'sun/java2d/pipe/DrawImage')}
  0x0000014beddec638: 7516 48bf | 986d b38f | 4b01 0000 | 808f 0901 | 0000 01e9 | ce00 0000 

  0x0000014beddec650: ;   {metadata('java/awt/image/BufferedImage')}
  0x0000014beddec650: 48bb 78de | 2400 0800 | 0000 418b | 7108 49ba | 0000 0000 | 0800 0000 | 4903 f248 | 3bde 0f85 
  0x0000014beddec670: 8e00 0000 

  0x0000014beddec674: ;   {metadata(method data for {method} {0x0000014b86509420} 'getBufferedImage' '(Ljava/awt/Image;)Ljava/awt/image/BufferedImage;' in 'sun/java2d/pipe/DrawImage')}
  0x0000014beddec674: 48bf 986d | b38f 4b01 | 0000 418b | 5908 49ba | 0000 0000 | 0800 0000 | 4903 da48 | 3b9f 2001 
  0x0000014beddec694: 0000 750d | 4883 8728 | 0100 0001 | e97e 0000 | 0048 3b9f | 3001 0000 | 750d 4883 | 8738 0100 
  0x0000014beddec6b4: 0001 e968 | 0000 0048 | 83bf 2001 | 0000 0075 | 1748 899f | 2001 0000 | 48c7 8728 | 0100 0001 
  0x0000014beddec6d4: 0000 00e9 | 4700 0000 | 4883 bf30 | 0100 0000 | 7517 4889 | 9f30 0100 | 0048 c787 | 3801 0000 
  0x0000014beddec6f4: 0100 0000 | e926 0000 | 00e9 2100 

  0x0000014beddec700: ;   {metadata(method data for {method} {0x0000014b86509420} 'getBufferedImage' '(Ljava/awt/Image;)Ljava/awt/image/BufferedImage;' in 'sun/java2d/pipe/DrawImage')}
  0x0000014beddec700: 0000 48bf | 986d b38f | 4b01 0000 | 4883 af10 | 0100 0001 | e905 0000 | 00e9 0500 | 0000 4833 
  0x0000014beddec720: d2eb 0748 | c7c2 0100 | 0000 85d2 

  0x0000014beddec72c: ;   {metadata(method data for {method} {0x0000014b86509420} 'getBufferedImage' '(Ljava/awt/Image;)Ljava/awt/image/BufferedImage;' in 'sun/java2d/pipe/DrawImage')}
  0x0000014beddec72c: 48ba 986d | b38f 4b01 | 0000 48c7 | c648 0100 | 0074 0748 | c7c6 5801 | 0000 488b | 3c32 488d 
  0x0000014beddec74c: 7f01 4889 | 3c32 0f84 | f100 0000 | 4d85 c975 

  0x0000014beddec75c: ;   {metadata(method data for {method} {0x0000014b86509420} 'getBufferedImage' '(Ljava/awt/Image;)Ljava/awt/image/BufferedImage;' in 'sun/java2d/pipe/DrawImage')}
  0x0000014beddec75c: 1648 bf98 | 6db3 8f4b | 0100 0080 | 8f61 0100 | 0001 e9ce 

  0x0000014beddec770: ;   {metadata('java/awt/image/BufferedImage')}
  0x0000014beddec770: 0000 0048 | bb78 de24 | 0008 0000 | 0041 8b71 | 0849 ba00 | 0000 0008 | 0000 0049 | 03f2 483b 
  0x0000014beddec790: de0f 858e 

  0x0000014beddec794: ;   {metadata(method data for {method} {0x0000014b86509420} 'getBufferedImage' '(Ljava/awt/Image;)Ljava/awt/image/BufferedImage;' in 'sun/java2d/pipe/DrawImage')}
  0x0000014beddec794: 0000 0048 | bf98 6db3 | 8f4b 0100 | 0041 8b59 | 0849 ba00 | 0000 0008 | 0000 0049 | 03da 483b 
  0x0000014beddec7b4: 9f78 0100 | 0075 0d48 | 8387 8001 | 0000 01e9 | 7900 0000 | 483b 9f88 | 0100 0075 | 0d48 8387 
  0x0000014beddec7d4: 9001 0000 | 01e9 6300 | 0000 4883 | bf78 0100 | 0000 7517 | 4889 9f78 | 0100 0048 | c787 8001 
  0x0000014beddec7f4: 0000 0100 | 0000 e942 | 0000 0048 | 83bf 8801 | 0000 0075 | 1748 899f | 8801 0000 | 48c7 8790 
  0x0000014beddec814: 0100 0001 | 0000 00e9 | 2100 0000 | e91c 0000 

  0x0000014beddec824: ;   {metadata(method data for {method} {0x0000014b86509420} 'getBufferedImage' '(Ljava/awt/Image;)Ljava/awt/image/BufferedImage;' in 'sun/java2d/pipe/DrawImage')}
  0x0000014beddec824: 0048 bf98 | 6db3 8f4b | 0100 0048 | 83af 6801 | 0000 01e9 | 5318 0000 | e900 0000 | 0049 8bd1 
  0x0000014beddec844: e926 0100 | 004d 85c9 

  0x0000014beddec84c: ;   {metadata(method data for {method} {0x0000014b86509420} 'getBufferedImage' '(Ljava/awt/Image;)Ljava/awt/image/BufferedImage;' in 'sun/java2d/pipe/DrawImage')}
  0x0000014beddec84c: 7516 48bf | 986d b38f | 4b01 0000 | 808f 9901 | 0000 01e9 | cf00 0000 

  0x0000014beddec864: ;   {metadata('java/awt/image/VolatileImage')}
  0x0000014beddec864: 48bb d044 | 2200 0800 | 0000 418b | 7908 49ba | 0000 0000 | 0800 0000 | 4903 fa48 | 3b5f 400f 
  0x0000014beddec884: 858e 0000 

  0x0000014beddec888: ;   {metadata(method data for {method} {0x0000014b86509420} 'getBufferedImage' '(Ljava/awt/Image;)Ljava/awt/image/BufferedImage;' in 'sun/java2d/pipe/DrawImage')}
  0x0000014beddec888: 0048 bf98 | 6db3 8f4b | 0100 0041 | 8b59 0849 | ba00 0000 | 0008 0000 | 0049 03da | 483b 9fb0 
  0x0000014beddec8a8: 0100 0075 | 0d48 8387 | b801 0000 | 01e9 7900 | 0000 483b | 9fc0 0100 | 0075 0d48 | 8387 c801 
  0x0000014beddec8c8: 0000 01e9 | 6300 0000 | 4883 bfb0 | 0100 0000 | 7517 4889 | 9fb0 0100 | 0048 c787 | b801 0000 
  0x0000014beddec8e8: 0100 0000 | e942 0000 | 0048 83bf | c001 0000 | 0075 1748 | 899f c001 | 0000 48c7 | 87c8 0100 
  0x0000014beddec908: 0001 0000 | 00e9 2100 | 0000 e91c 

  0x0000014beddec914: ;   {metadata(method data for {method} {0x0000014b86509420} 'getBufferedImage' '(Ljava/awt/Image;)Ljava/awt/image/BufferedImage;' in 'sun/java2d/pipe/DrawImage')}
  0x0000014beddec914: 0000 0048 | bf98 6db3 | 8f4b 0100 | 0048 83af | a001 0000 | 01e9 6a17 | 0000 e900 | 0000 0049 
  0x0000014beddec934: 8bd1 483b | 0248 8bf2 

  0x0000014beddec93c: ;   {metadata(method data for {method} {0x0000014b86509420} 'getBufferedImage' '(Ljava/awt/Image;)Ljava/awt/image/BufferedImage;' in 'sun/java2d/pipe/DrawImage')}
  0x0000014beddec93c: 48bf 986d | b38f 4b01 

  0x0000014beddec944: ;   {metadata('sun/awt/image/SunVolatileImage')}
  0x0000014beddec944: 0000 49ba | 8847 2200 | 0800 0000 | 4c89 97e8 | 0100 0048 | 8387 f001 

  0x0000014beddec95c: ;   {optimized virtual_call}
  0x0000014beddec95c: 0000 01e8 

  0x0000014beddec960: ; ImmutableOopMap {[232]=Oop [248]=Oop [264]=Oop [288]=Oop [312]=Oop [568]=Oop }
                      ;*invokevirtual getSnapshot {reexecute=0 rethrow=0 return_oop=0}
                      ; - sun.java2d.pipe.DrawImage::getBufferedImage@16 (line 844)
                      ; - sun.java2d.pipe.DrawImage::renderImageXform@333 (line 429)
  0x0000014beddec960: 1c25 0107 

  0x0000014beddec964: ;   {other}
  0x0000014beddec964: 0f1f 8400 | d416 000b | 488b d04c | 8b84 24e8 | 0000 0041 | 8bb8 8000 | 0000 48c1 | e703 4c8b 
  0x0000014beddec984: 9c24 3801 

  0x0000014beddec988: ;   {metadata(method data for {method} {0x0000014b865084d8} 'renderImageXform' '(Lsun/java2d/SunGraphics2D;Ljava/awt/Image;Ljava/awt/geom/AffineTransform;IIIIILjava/awt/Color;)V' in 'sun/java2d/pipe/DrawImage')}
  0x0000014beddec988: 0000 49b9 | 5061 b38f | 4b01 0000 | 458b 5b08 | 49ba 0000 | 0000 0800 | 0000 4d03 | da4d 3b99 
  0x0000014beddec9a8: 9805 0000 | 750d 4983 | 81a0 0500 | 0001 e960 | 0000 004d | 3b99 a805 | 0000 750d | 4983 81b0 
  0x0000014beddec9c8: 0500 0001 | e94a 0000 | 0049 83b9 | 9805 0000 | 0075 174d | 8999 9805 | 0000 49c7 | 81a0 0500 
  0x0000014beddec9e8: 0001 0000 | 00e9 2900 | 0000 4983 | b9a8 0500 | 0000 7517 | 4d89 99a8 | 0500 0049 | c781 b005 
  0x0000014beddeca08: 0000 0100 | 0000 e908 | 0000 0049 | 8381 8805 | 0000 014c | 8bc2 41b9 | 0400 0000 | 488b b424 
  0x0000014beddeca28: 3802 0000 | 4889 9424 | 4001 0000 | 488b 9424 | 3801 0000 

  0x0000014beddeca3c: ;   {optimized virtual_call}
  0x0000014beddeca3c: 6666 90e8 

  0x0000014beddeca40: ; ImmutableOopMap {[232]=Oop [248]=Oop [264]=Oop [288]=Oop [312]=Oop [320]=Oop [568]=Oop }
                      ;*invokevirtual getSourceSurfaceData {reexecute=0 rethrow=0 return_oop=0}
                      ; - sun.java2d.pipe.DrawImage::renderImageXform@347 (line 430)
  0x0000014beddeca40: 3c24 0107 

  0x0000014beddeca44: ;   {other}
  0x0000014beddeca44: 0f1f 8400 | b417 000c 

  0x0000014beddeca4c: ;   {metadata(method data for {method} {0x0000014b865084d8} 'renderImageXform' '(Lsun/java2d/SunGraphics2D;Ljava/awt/Image;Ljava/awt/geom/AffineTransform;IIIIILjava/awt/Color;)V' in 'sun/java2d/pipe/DrawImage')}
  0x0000014beddeca4c: 4885 c048 | ba50 61b3 | 8f4b 0100 | 0048 c7c6 | d005 0000 | 7407 48c7 | c6c0 0500 | 0048 8b3c 
  0x0000014beddeca6c: 3248 8d7f | 0148 893c | 320f 8477 | 1300 0048 | 8b94 2440 | 0100 004c 

  0x0000014beddeca84: ;   {metadata(method data for {method} {0x0000014b865084d8} 'renderImageXform' '(Lsun/java2d/SunGraphics2D;Ljava/awt/Image;Ljava/awt/geom/AffineTransform;IIIIILjava/awt/Color;)V' in 'sun/java2d/pipe/DrawImage')}
  0x0000014beddeca84: 8bca 48ba | 5061 b38f | 4b01 0000 | 4883 82e0 | 0500 0001 

  0x0000014beddeca98: ;   {metadata(method data for {method} {0x0000014b86509348} 'isBgOperation' '(Lsun/java2d/SurfaceData;Ljava/awt/Color;)Z' in 'sun/java2d/pipe/DrawImage')}
  0x0000014beddeca98: 48ba e05a | aa88 4b01 | 0000 8bb2 | cc00 0000 | 83c6 0289 | b2cc 0000 | 0081 e6fe | ff1f 0085 
  0x0000014beddecab8: f60f 84e7 | 1500 0048 

  0x0000014beddecac0: ;   {metadata(method data for {method} {0x0000014b86509348} 'isBgOperation' '(Lsun/java2d/SurfaceData;Ljava/awt/Color;)Z' in 'sun/java2d/pipe/DrawImage')}
  0x0000014beddecac0: 85c0 48ba | e05a aa88 | 4b01 0000 | 48c7 c620 | 0100 0075 | 0748 c7c6 | 1001 0000 | 488b 3c32 
  0x0000014beddecae0: 488d 7f01 | 4889 3c32 | 0f85 1500 | 0000 4889 | 8424 4801 | 0000 4c89 | 8c24 5001 | 0000 e923 
  0x0000014beddecb00: 0200 0048 | 8b9c 2438 | 0200 0048 

  0x0000014beddecb0c: ;   {metadata(method data for {method} {0x0000014b86509348} 'isBgOperation' '(Lsun/java2d/SurfaceData;Ljava/awt/Color;)Z' in 'sun/java2d/pipe/DrawImage')}
  0x0000014beddecb0c: 85db 48ba | e05a aa88 | 4b01 0000 | 48c7 c640 | 0100 0075 | 0748 c7c6 | 3001 0000 | 488b 3c32 
  0x0000014beddecb2c: 488d 7f01 | 4889 3c32 | 0f85 1500 | 0000 4889 | 8424 4801 | 0000 4c89 | 8c24 5001 | 0000 e9cc 
  0x0000014beddecb4c: 0100 004c | 898c 2450 | 0100 0048 | 3b00 488b 

  0x0000014beddecb5c: ;   {metadata(method data for {method} {0x0000014b86509348} 'isBgOperation' '(Lsun/java2d/SurfaceData;Ljava/awt/Color;)Z' in 'sun/java2d/pipe/DrawImage')}
  0x0000014beddecb5c: d048 bee0 | 5aaa 884b | 0100 008b | 5208 49ba | 0000 0000 | 0800 0000 | 4903 d248 | 3b96 6001 
  0x0000014beddecb7c: 0000 750d | 4883 8668 | 0100 0001 | e960 0000 | 0048 3b96 | 7001 0000 | 750d 4883 | 8678 0100 
  0x0000014beddecb9c: 0001 e94a | 0000 0048 | 83be 6001 | 0000 0075 | 1748 8996 | 6001 0000 | 48c7 8668 | 0100 0001 
  0x0000014beddecbbc: 0000 00e9 | 2900 0000 | 4883 be70 | 0100 0000 | 7517 4889 | 9670 0100 | 0048 c786 | 7801 0000 
  0x0000014beddecbdc: 0100 0000 | e908 0000 | 0048 8386 | 5001 0000 

  0x0000014beddecbec: ;   {metadata(method data for {method} {0x0000014b862de808} 'getTransparency' '()I' in 'sun/java2d/SurfaceData')}
  0x0000014beddecbec: 0148 bae8 | 5caa 884b | 0100 008b | b2cc 0000 | 0083 c602 | 89b2 cc00 | 0000 81e6 | feff 1f00 
  0x0000014beddecc0c: 85f6 0f84 | b814 0000 

  0x0000014beddecc14: ;   {metadata(method data for {method} {0x0000014b862de808} 'getTransparency' '()I' in 'sun/java2d/SurfaceData')}
  0x0000014beddecc14: 488b d048 | bee8 5caa | 884b 0100 | 0048 8386 | 1001 0000 | 018b 5028 | 48c1 e203 

  0x0000014beddecc30: ; implicit exception: dispatches to 0x0000014beddee0ed
  0x0000014beddecc30: 483b 0248 

  0x0000014beddecc34: ;   {metadata(method data for {method} {0x0000014b862de808} 'getTransparency' '()I' in 'sun/java2d/SurfaceData')}
  0x0000014beddecc34: 8bf2 48bf | e85c aa88 | 4b01 0000 | 8b76 0849 | ba00 0000 | 0008 0000 | 0049 03f2 | 483b b758 
  0x0000014beddecc54: 0100 0075 | 0d48 8387 | 6001 0000 | 01e9 6000 | 0000 483b | b768 0100 | 0075 0d48 | 8387 7001 
  0x0000014beddecc74: 0000 01e9 | 4a00 0000 | 4883 bf58 | 0100 0000 | 7517 4889 | b758 0100 | 0048 c787 | 6001 0000 
  0x0000014beddecc94: 0100 0000 | e929 0000 | 0048 83bf | 6801 0000 | 0075 1748 | 89b7 6801 | 0000 48c7 | 8770 0100 
  0x0000014beddeccb4: 0001 0000 | 00e9 0800 | 0000 4883 | 8748 0100 | 0001 4889 | 8424 4801 | 0000 0f1f | 8000 0000 
  0x0000014beddeccd4: 0048 b8ff | ffff ffff 

  0x0000014beddeccdc: ;   {virtual_call}
  0x0000014beddeccdc: ffff ffe8 

  0x0000014beddecce0: ; ImmutableOopMap {[232]=Oop [248]=Oop [264]=Oop [288]=Oop [312]=Oop [328]=Oop [336]=Oop [568]=Oop }
                      ;*invokevirtual getTransparency {reexecute=0 rethrow=0 return_oop=0}
                      ; - sun.java2d.SurfaceData::getTransparency@4 (line 938)
                      ; - sun.java2d.pipe.DrawImage::isBgOperation@9 (line 836)
                      ; - sun.java2d.pipe.DrawImage::renderImageXform@362 (line 440)
  0x0000014beddecce0: 9c26 0107 

  0x0000014beddecce4: ;   {other}
  0x0000014beddecce4: 0f1f 8400 | 541a 000d 

  0x0000014beddeccec: ;   {metadata(method data for {method} {0x0000014b86509348} 'isBgOperation' '(Lsun/java2d/SurfaceData;Ljava/awt/Color;)Z' in 'sun/java2d/pipe/DrawImage')}
  0x0000014beddeccec: 83f8 0149 | b8e0 5aaa | 884b 0100 | 0049 c7c1 | 9801 0000 | 7507 49c7 | c188 0100 | 004b 8b3c 
  0x0000014beddecd0c: 0848 8d7f | 014b 893c | 080f 850b | 0000 0041 | b800 0000 | 00e9 1700 

  0x0000014beddecd24: ;   {metadata(method data for {method} {0x0000014b86509348} 'isBgOperation' '(Lsun/java2d/SurfaceData;Ljava/awt/Color;)Z' in 'sun/java2d/pipe/DrawImage')}
  0x0000014beddecd24: 0000 49b8 | e05a aa88 | 4b01 0000 | 41ff 80a8 | 0100 0041 | b801 0000 | 0041 83e0 | 0145 85c0 
  0x0000014beddecd44: ;   {metadata(method data for {method} {0x0000014b865084d8} 'renderImageXform' '(Lsun/java2d/SunGraphics2D;Ljava/awt/Image;Ljava/awt/geom/AffineTransform;IIIIILjava/awt/Color;)V' in 'sun/java2d/pipe/DrawImage')}
  0x0000014beddecd44: 49b8 5061 | b38f 4b01 | 0000 49c7 | c100 0600 | 0075 0749 | c7c1 f005 | 0000 4b8b | 3c08 488d 
  0x0000014beddecd64: 7f01 4b89 | 3c08 0f85 | 3400 0000 | 488b 8424 | 4801 0000 | 448b ac24 | 3002 0000 | 448b 9c24 
  0x0000014beddecd84: 2802 0000 | 448b b424 | 2002 0000 | 8b8c 24d8 | 0000 004c | 8b8c 2450 | 0100 00e9 | 3303 0000 
  0x0000014beddecda4: 488b 9c24 | 3802 0000 

  0x0000014beddecdac: ; implicit exception: dispatches to 0x0000014beddee0f2
  0x0000014beddecdac: 483b 034c 

  0x0000014beddecdb0: ;   {metadata(method data for {method} {0x0000014b865084d8} 'renderImageXform' '(Lsun/java2d/SunGraphics2D;Ljava/awt/Image;Ljava/awt/geom/AffineTransform;IIIIILjava/awt/Color;)V' in 'sun/java2d/pipe/DrawImage')}
  0x0000014beddecdb0: 8bc3 49b9 | 5061 b38f | 4b01 0000 | 458b 4008 | 49ba 0000 | 0000 0800 | 0000 4d03 | c24d 3b81 
  0x0000014beddecdd0: 2006 0000 | 750d 4983 | 8128 0600 | 0001 e960 | 0000 004d | 3b81 3006 | 0000 750d | 4983 8138 
  0x0000014beddecdf0: 0600 0001 | e94a 0000 | 0049 83b9 | 2006 0000 | 0075 174d | 8981 2006 | 0000 49c7 | 8128 0600 
  0x0000014beddece10: 0001 0000 | 00e9 2900 | 0000 4983 | b930 0600 | 0000 7517 | 4d89 8130 | 0600 0049 | c781 3806 
  0x0000014beddece30: 0000 0100 | 0000 e908 | 0000 0049 | 8381 1006 

  0x0000014beddece40: ;   {metadata(method data for {method} {0x0000014b865a2298} 'getAlpha' '()I' in 'java/awt/Color')}
  0x0000014beddece40: 0000 0149 | b858 72b3 | 8f4b 0100 | 0045 8b88 | cc00 0000 | 4183 c102 | 4589 88cc | 0000 0041 
  0x0000014beddece60: 81e1 feff | 1f00 4585 | c90f 8488 | 1200 004c 

  0x0000014beddece70: ;   {metadata(method data for {method} {0x0000014b865a2298} 'getAlpha' '()I' in 'java/awt/Color')}
  0x0000014beddece70: 8bc3 49b9 | 5872 b38f | 4b01 0000 | 458b 4008 | 49ba 0000 | 0000 0800 | 0000 4d03 | c24d 3b81 
  0x0000014beddece90: 2001 0000 | 750d 4983 | 8128 0100 | 0001 e960 | 0000 004d | 3b81 3001 | 0000 750d | 4983 8138 
  0x0000014beddeceb0: 0100 0001 | e94a 0000 | 0049 83b9 | 2001 0000 | 0075 174d | 8981 2001 | 0000 49c7 | 8128 0100 
  0x0000014beddeced0: 0001 0000 | 00e9 2900 | 0000 4983 | b930 0100 | 0000 7517 | 4d89 8130 | 0100 0049 | c781 3801 
  0x0000014beddecef0: 0000 0100 | 0000 e908 | 0000 0049 | 8381 1001 | 0000 0144 | 8b43 0c41 | c1f8 1841 | 81e0 ff00 
  0x0000014beddecf10: 0000 4181 | f8ff 0000 

  0x0000014beddecf18: ;   {metadata(method data for {method} {0x0000014b865084d8} 'renderImageXform' '(Lsun/java2d/SunGraphics2D;Ljava/awt/Image;Ljava/awt/geom/AffineTransform;IIIIILjava/awt/Color;)V' in 'sun/java2d/pipe/DrawImage')}
  0x0000014beddecf18: 0049 b850 | 61b3 8f4b | 0100 0049 | c7c1 4806 | 0000 7507 | 49c7 c158 | 0600 004b | 8b3c 0848 
  0x0000014beddecf38: 8d7f 014b | 893c 080f | 851b 0000 

  0x0000014beddecf44: ;   {metadata(method data for {method} {0x0000014b865084d8} 'renderImageXform' '(Lsun/java2d/SunGraphics2D;Ljava/awt/Image;Ljava/awt/geom/AffineTransform;IIIIILjava/awt/Color;)V' in 'sun/java2d/pipe/DrawImage')}
  0x0000014beddecf44: 0049 b850 | 61b3 8f4b | 0100 0041 | ff80 6806 | 0000 bf01 | 0000 00e9 | 0500 0000 | bf02 0000 
  0x0000014beddecf64: 004c 8b8c | 2450 0100 | 0044 8bac | 2430 0200 | 0044 8b9c | 2428 0200 | 0044 8bb4 | 2420 0200 
  0x0000014beddecf84: 008b 8c24 | d800 0000 | 488b b424 | f800 0000 

  0x0000014beddecf94: ;   {metadata(method data for {method} {0x0000014b865084d8} 'renderImageXform' '(Lsun/java2d/SunGraphics2D;Ljava/awt/Image;Ljava/awt/geom/AffineTransform;IIIIILjava/awt/Color;)V' in 'sun/java2d/pipe/DrawImage')}
  0x0000014beddecf94: 48b8 5061 | b38f 4b01 | 0000 4883 | 8080 0600 | 0001 4d8b | c14c 8bcb | 488b f149 | 8bce 4489 
  0x0000014beddecfb4: 1c24 4489 | 6c24 0848 | 8b94 24f8 | 0000 000f 

  0x0000014beddecfc4: ;   {optimized virtual_call}
  0x0000014beddecfc4: 1f40 00e8 

  0x0000014beddecfc8: ; ImmutableOopMap {[232]=Oop [248]=Oop [264]=Oop [288]=Oop [312]=Oop [568]=Oop }
                      ;*invokevirtual makeBufferedImage {reexecute=0 rethrow=0 return_oop=0}
                      ; - sun.java2d.pipe.DrawImage::renderImageXform@404 (line 451)
  0x0000014beddecfc8: b41e 0107 

  0x0000014beddecfcc: ;   {other}
  0x0000014beddecfcc: 0f1f 8400 | 3c1d 000e | 4c8b 8424 | e800 0000 | 418b b880 | 0000 0048 | c1e7 034c | 8b9c 2438 
  0x0000014beddecfec: ;   {metadata(method data for {method} {0x0000014b865084d8} 'renderImageXform' '(Lsun/java2d/SunGraphics2D;Ljava/awt/Image;Ljava/awt/geom/AffineTransform;IIIIILjava/awt/Color;)V' in 'sun/java2d/pipe/DrawImage')}
  0x0000014beddecfec: 0100 0049 | b950 61b3 | 8f4b 0100 | 0045 8b5b | 0849 ba00 | 0000 0008 | 0000 004d | 03da 4d3b 
  0x0000014bedded00c: 99c8 0600 | 0075 0d49 | 8381 d006 | 0000 01e9 | 6000 0000 | 4d3b 99d8 | 0600 0075 | 0d49 8381 
  0x0000014bedded02c: e006 0000 | 01e9 4a00 | 0000 4983 | b9c8 0600 | 0000 7517 | 4d89 99c8 | 0600 0049 | c781 d006 
  0x0000014bedded04c: 0000 0100 | 0000 e929 | 0000 0049 | 83b9 d806 | 0000 0075 | 174d 8999 | d806 0000 | 49c7 81e0 
  0x0000014bedded06c: 0600 0001 | 0000 00e9 | 0800 0000 | 4983 81b8 | 0600 0001 | 4c8b c041 | b904 0000 | 0048 8bb4 
  0x0000014bedded08c: 2438 0200 | 0048 8b94 | 2438 0100 | 0048 8984 | 2458 0100 | 0066 0f1f 

  0x0000014bedded0a4: ;   {optimized virtual_call}
  0x0000014bedded0a4: 4400 00e8 

  0x0000014bedded0a8: ; ImmutableOopMap {[232]=Oop [248]=Oop [264]=Oop [288]=Oop [312]=Oop [344]=Oop }
                      ;*invokevirtual getSourceSurfaceData {reexecute=0 rethrow=0 return_oop=0}
                      ; - sun.java2d.pipe.DrawImage::renderImageXform@438 (line 457)
  0x0000014bedded0a8: d41d 0107 

  0x0000014bedded0ac: ;   {other}
  0x0000014bedded0ac: 0f1f 8400 | 1c1e 000f | 448b ac24 | 1001 0000 | 448b 9c24 | 1401 0000 | 4c8b 8c24 | 5801 0000 
  0x0000014bedded0cc: 41be 0000 | 0000 b900 | 0000 0044 | 89ac 2468 | 0100 0044 | 899c 246c | 0100 0044 | 89b4 2470 
  0x0000014bedded0ec: 0100 0089 | 8c24 7401 | 0000 4c89 | 8c24 7801 | 0000 483b | 0048 8bd0 

  0x0000014bedded104: ;   {metadata(method data for {method} {0x0000014b865084d8} 'renderImageXform' '(Lsun/java2d/SunGraphics2D;Ljava/awt/Image;Ljava/awt/geom/AffineTransform;IIIIILjava/awt/Color;)V' in 'sun/java2d/pipe/DrawImage')}
  0x0000014bedded104: 48be 5061 | b38f 4b01 | 0000 4883 | 86f0 0600 | 0001 8b50 | 2448 c1e2 

  0x0000014bedded11c: ;   {metadata(method data for {method} {0x0000014b865084d8} 'renderImageXform' '(Lsun/java2d/SunGraphics2D;Ljava/awt/Image;Ljava/awt/geom/AffineTransform;IIIIILjava/awt/Color;)V' in 'sun/java2d/pipe/DrawImage')}
  0x0000014bedded11c: 0348 be50 | 61b3 8f4b | 0100 0048 | 8386 2807 | 0000 0148 | 8984 2460 

  0x0000014bedded134: ;   {static_call}
  0x0000014bedded134: 0100 00e8 

  0x0000014bedded138: ; ImmutableOopMap {[232]=Oop [248]=Oop [264]=Oop [288]=Oop [312]=Oop [352]=Oop [376]=Oop }
                      ;*invokestatic getFromCache {reexecute=0 rethrow=0 return_oop=0}
                      ; - sun.java2d.pipe.DrawImage::renderImageXform@452 (line 464)
  0x0000014bedded138: e482 f200 

  0x0000014bedded13c: ;   {other}
  0x0000014bedded13c: 0f1f 8400 | ac1e 0010 

  0x0000014bedded144: ;   {metadata(method data for {method} {0x0000014b865084d8} 'renderImageXform' '(Lsun/java2d/SunGraphics2D;Ljava/awt/Image;Ljava/awt/geom/AffineTransform;IIIIILjava/awt/Color;)V' in 'sun/java2d/pipe/DrawImage')}
  0x0000014bedded144: 4885 c048 | ba50 61b3 | 8f4b 0100 | 0048 c7c6 | 4807 0000 | 7407 48c7 | c638 0700 | 0048 8b3c 
  0x0000014bedded164: 3248 8d7f | 0148 893c | 320f 842c | 0000 0048 | 8bb4 2460 | 0100 0044 | 8bac 2468 | 0100 0044 
  0x0000014bedded184: 8b9c 246c | 0100 0044 | 8bb4 2470 | 0100 008b | 8c24 7401 | 0000 e9e0 | 0300 0048 | 8b84 2460 
  0x0000014bedded1a4: 0100 0048 

  0x0000014bedded1a8: ;   {metadata(method data for {method} {0x0000014b865084d8} 'renderImageXform' '(Lsun/java2d/SunGraphics2D;Ljava/awt/Image;Ljava/awt/geom/AffineTransform;IIIIILjava/awt/Color;)V' in 'sun/java2d/pipe/DrawImage')}
  0x0000014bedded1a8: 8bd0 48be | 5061 b38f | 4b01 0000 | 8b52 0849 | ba00 0000 | 0008 0000 | 0049 03d2 | 483b 9668 
  0x0000014bedded1c8: 0700 0075 | 0d48 8386 | 7007 0000 | 01e9 6000 | 0000 483b | 9678 0700 | 0075 0d48 | 8386 8007 
  0x0000014bedded1e8: 0000 01e9 | 4a00 0000 | 4883 be68 | 0700 0000 | 7517 4889 | 9668 0700 | 0048 c786 | 7007 0000 
  0x0000014bedded208: 0100 0000 | e929 0000 | 0048 83be | 7807 0000 | 0075 1748 | 8996 7807 | 0000 48c7 | 8680 0700 
  0x0000014bedded228: 0001 0000 | 00e9 0800 | 0000 4883 | 8658 0700 

  0x0000014bedded238: ;   {metadata(method data for {method} {0x0000014b862de808} 'getTransparency' '()I' in 'sun/java2d/SurfaceData')}
  0x0000014bedded238: 0001 48ba | e85c aa88 | 4b01 0000 | 8bb2 cc00 | 0000 83c6 | 0289 b2cc | 0000 0081 | e6fe ff1f 
  0x0000014bedded258: 0085 f60f | 84bc 0e00 | 0048 8bd0 

  0x0000014bedded264: ;   {metadata(method data for {method} {0x0000014b862de808} 'getTransparency' '()I' in 'sun/java2d/SurfaceData')}
  0x0000014bedded264: 48be e85c | aa88 4b01 | 0000 4883 | 8610 0100 | 0001 8b50 | 2848 c1e2 | 0348 3b02 

  0x0000014bedded280: ;   {metadata(method data for {method} {0x0000014b862de808} 'getTransparency' '()I' in 'sun/java2d/SurfaceData')}
  0x0000014bedded280: 488b f248 | bfe8 5caa | 884b 0100 | 008b 7608 | 49ba 0000 | 0000 0800 | 0000 4903 | f248 3bb7 
  0x0000014bedded2a0: 5801 0000 | 750d 4883 | 8760 0100 | 0001 e960 | 0000 0048 | 3bb7 6801 | 0000 750d | 4883 8770 
  0x0000014bedded2c0: 0100 0001 | e94a 0000 | 0048 83bf | 5801 0000 | 0075 1748 | 89b7 5801 | 0000 48c7 | 8760 0100 
  0x0000014bedded2e0: 0001 0000 | 00e9 2900 | 0000 4883 | bf68 0100 | 0000 7517 | 4889 b768 | 0100 0048 | c787 7001 
  0x0000014bedded300: 0000 0100 | 0000 e908 | 0000 0048 | 8387 4801 | 0000 0166 | 9048 b830 | 6a27 0008 

  0x0000014bedded31c: ;   {virtual_call}
  0x0000014bedded31c: 0000 00e8 

  0x0000014bedded320: ; ImmutableOopMap {[232]=Oop [248]=Oop [264]=Oop [288]=Oop [312]=Oop [376]=Oop }
                      ;*invokevirtual getTransparency {reexecute=0 rethrow=0 return_oop=0}
                      ; - sun.java2d.SurfaceData::getTransparency@4 (line 938)
                      ; - sun.java2d.pipe.DrawImage::renderImageXform@464 (line 474)
  0x0000014bedded320: fc18 f107 

  0x0000014bedded324: ;   {other}
  0x0000014bedded324: 0f1f 8400 | 9420 0011 

  0x0000014bedded32c: ;   {metadata(method data for {method} {0x0000014b865084d8} 'renderImageXform' '(Lsun/java2d/SunGraphics2D;Ljava/awt/Image;Ljava/awt/geom/AffineTransform;IIIIILjava/awt/Color;)V' in 'sun/java2d/pipe/DrawImage')}
  0x0000014bedded32c: 83f8 0149 | b850 61b3 | 8f4b 0100 | 0049 c7c1 | 9007 0000 | 7507 49c7 | c1a0 0700 | 004b 8b3c 
  0x0000014bedded34c: 0848 8d7f | 014b 893c | 080f 851b 

  0x0000014bedded358: ;   {metadata(method data for {method} {0x0000014b865084d8} 'renderImageXform' '(Lsun/java2d/SunGraphics2D;Ljava/awt/Image;Ljava/awt/geom/AffineTransform;IIIIILjava/awt/Color;)V' in 'sun/java2d/pipe/DrawImage')}
  0x0000014bedded358: 0000 0049 | b850 61b3 | 8f4b 0100 | 0041 ff80 | b007 0000 | bf01 0000 | 00e9 0500 | 0000 bf02 
  0x0000014bedded378: 0000 0044 | 8bac 2468 | 0100 0044 | 8b9c 246c | 0100 0044 | 8bb4 2470 | 0100 008b | 8c24 7401 
  0x0000014bedded398: 0000 4c8b | 8c24 7801 | 0000 488b | 9424 f800 | 0000 488b 

  0x0000014bedded3ac: ;   {metadata(method data for {method} {0x0000014b865084d8} 'renderImageXform' '(Lsun/java2d/SunGraphics2D;Ljava/awt/Image;Ljava/awt/geom/AffineTransform;IIIIILjava/awt/Color;)V' in 'sun/java2d/pipe/DrawImage')}
  0x0000014bedded3ac: f248 bb50 | 61b3 8f4b | 0100 0048 | 8383 c807 | 0000 014d 

  0x0000014bedded3c0: ;   {oop(nullptr)}
  0x0000014bedded3c0: 8bc1 49b9 | 0000 0000 | 0000 0000 | 488b f189 | 8c24 7401 | 0000 498b | ce44 891c | 2444 896c 
  0x0000014bedded3e0: 2408 4489 | b424 7001 | 0000 4489 | ac24 6801 | 0000 4489 | 9c24 6c01 | 0000 0f1f 

  0x0000014bedded3fc: ;   {optimized virtual_call}
  0x0000014bedded3fc: 4400 00e8 

  0x0000014bedded400: ; ImmutableOopMap {[232]=Oop [264]=Oop [288]=Oop [312]=Oop }
                      ;*invokevirtual makeBufferedImage {reexecute=0 rethrow=0 return_oop=0}
                      ; - sun.java2d.pipe.DrawImage::renderImageXform@491 (line 477)
  0x0000014bedded400: 5d0f 0000 

  0x0000014bedded404: ;   {other}
  0x0000014bedded404: 0f1f 8400 | 7421 0012 | 448b 9c24 | 6c01 0000 | 442b 9c24 | 7401 0000 | 448b ac24 | 6801 0000 
  0x0000014bedded424: 442b ac24 | 7001 0000 | 4c8b 8424 | e800 0000 | 418b b880 | 0000 0048 | c1e7 034c | 8b8c 2438 
  0x0000014bedded444: ;   {metadata(method data for {method} {0x0000014b865084d8} 'renderImageXform' '(Lsun/java2d/SunGraphics2D;Ljava/awt/Image;Ljava/awt/geom/AffineTransform;IIIIILjava/awt/Color;)V' in 'sun/java2d/pipe/DrawImage')}
  0x0000014bedded444: 0100 0048 | be50 61b3 | 8f4b 0100 | 0045 8b49 | 0849 ba00 | 0000 0008 | 0000 004d | 03ca 4c3b 
  0x0000014bedded464: 8e10 0800 | 0075 0d48 | 8386 1808 | 0000 01e9 | 6000 0000 | 4c3b 8e20 | 0800 0075 | 0d48 8386 
  0x0000014bedded484: 2808 0000 | 01e9 4a00 | 0000 4883 | be10 0800 | 0000 7517 | 4c89 8e10 | 0800 0048 | c786 1808 
  0x0000014bedded4a4: 0000 0100 | 0000 e929 | 0000 0048 | 83be 2008 | 0000 0075 | 174c 898e | 2008 0000 | 48c7 8628 
  0x0000014bedded4c4: 0800 0001 | 0000 00e9 | 0800 0000 | 4883 8600 | 0800 0001 | 4c8b c041 | b904 0000 

  0x0000014bedded4e0: ;   {oop(nullptr)}
  0x0000014bedded4e0: 0048 be00 | 0000 0000 | 0000 0048 | 8b94 2438 | 0100 0044 | 899c 2484 | 0100 0044 | 89ac 2480 
  0x0000014bedded500: 0100 000f 

  0x0000014bedded504: ;   {optimized virtual_call}
  0x0000014bedded504: 1f40 00e8 

  0x0000014bedded508: ; ImmutableOopMap {[232]=Oop [264]=Oop [288]=Oop [312]=Oop }
                      ;*invokevirtual getSourceSurfaceData {reexecute=0 rethrow=0 return_oop=0}
                      ; - sun.java2d.pipe.DrawImage::renderImageXform@524 (line 483)
  0x0000014bedded508: f4f5 df07 

  0x0000014bedded50c: ;   {other}
  0x0000014bedded50c: 0f1f 8400 | 7c22 0013 

  0x0000014bedded514: ; implicit exception: dispatches to 0x0000014beddee143
  0x0000014bedded514: 483b 0048 

  0x0000014bedded518: ;   {metadata(method data for {method} {0x0000014b865084d8} 'renderImageXform' '(Lsun/java2d/SunGraphics2D;Ljava/awt/Image;Ljava/awt/geom/AffineTransform;IIIIILjava/awt/Color;)V' in 'sun/java2d/pipe/DrawImage')}
  0x0000014bedded518: 8bd0 48be | 5061 b38f | 4b01 0000 | 4883 8638 | 0800 0001 | 8b50 2448 

  0x0000014bedded530: ;   {metadata(method data for {method} {0x0000014b865084d8} 'renderImageXform' '(Lsun/java2d/SunGraphics2D;Ljava/awt/Image;Ljava/awt/geom/AffineTransform;IIIIILjava/awt/Color;)V' in 'sun/java2d/pipe/DrawImage')}
  0x0000014bedded530: c1e2 0348 | be50 61b3 | 8f4b 0100 | 0048 8386 | 7008 0000 | 0148 8984 | 2488 0100 

  0x0000014bedded54c: ;   {static_call}
  0x0000014bedded54c: 0066 90e8 

  0x0000014bedded550: ; ImmutableOopMap {[232]=Oop [264]=Oop [288]=Oop [312]=Oop [392]=Oop }
                      ;*invokestatic getFromCache {reexecute=0 rethrow=0 return_oop=0}
                      ; - sun.java2d.pipe.DrawImage::renderImageXform@538 (line 488)
  0x0000014bedded550: cc7e f200 

  0x0000014bedded554: ;   {other}
  0x0000014bedded554: 0f1f 8400 | c422 0014 | 488b b424 | 8801 0000 | 448b ac24 | 8001 0000 | 448b 9c24 | 8401 0000 
  0x0000014bedded574: 41be 0000 | 0000 b900 | 0000 0048 | 8bbc 2438 | 0100 004c | 8b84 24e8 | 0000 0048 

  0x0000014bedded590: ;   {metadata(method data for {method} {0x0000014b865084d8} 'renderImageXform' '(Lsun/java2d/SunGraphics2D;Ljava/awt/Image;Ljava/awt/geom/AffineTransform;IIIIILjava/awt/Color;)V' in 'sun/java2d/pipe/DrawImage')}
  0x0000014bedded590: 8bd7 49b9 | 5061 b38f | 4b01 0000 | 4983 8180 | 0800 0001 | 8b5f 2448 | c1e3 0348 | 899c 2490 
  0x0000014bedded5b0: 0100 0041 | 8b50 1883 

  0x0000014bedded5b8: ;   {metadata(method data for {method} {0x0000014b865084d8} 'renderImageXform' '(Lsun/java2d/SunGraphics2D;Ljava/awt/Image;Ljava/awt/geom/AffineTransform;IIIIILjava/awt/Color;)V' in 'sun/java2d/pipe/DrawImage')}
  0x0000014bedded5b8: fa01 48ba | 5061 b38f | 4b01 0000 | 49c7 c1c8 | 0800 007e | 0749 c7c1 | b808 0000 | 4a8b 1c0a 
  0x0000014bedded5d8: 488d 5b01 | 4a89 1c0a | 0f8e 3400 | 0000 4889 | 8424 a001 | 0000 4889 | b424 9801 | 0000 4489 
  0x0000014bedded5f8: ac24 b401 | 0000 4489 | 9c24 b001 | 0000 4489 | b424 ac01 | 0000 898c | 24a8 0100 | 00e9 be00 
  0x0000014bedded618: 0000 488b | 9c24 9001 | 0000 4889 | 8424 a001 | 0000 4889 | b424 9801 | 0000 4489 | ac24 b401 
  0x0000014bedded638: 0000 4489 | 9c24 b001 | 0000 4489 | b424 ac01 | 0000 898c | 24a8 0100 | 0045 8b88 | 8000 0000 
  0x0000014bedded658: 49c1 e103 

  0x0000014bedded65c: ;   {metadata(method data for {method} {0x0000014b865084d8} 'renderImageXform' '(Lsun/java2d/SunGraphics2D;Ljava/awt/Image;Ljava/awt/geom/AffineTransform;IIIIILjava/awt/Color;)V' in 'sun/java2d/pipe/DrawImage')}
  0x0000014bedded65c: 48ba 5061 | b38f 4b01 | 0000 4883 | 82d8 0800 

  0x0000014bedded66c: ;   {oop(a 'sun/java2d/loops/SurfaceType'{0x0000000704600768})}
  0x0000014bedded66c: 0001 48ba | 6807 6004 | 0700 0000 | 4d8b c14c 

  0x0000014bedded67c: ;   {static_call}
  0x0000014bedded67c: 8bcb 90e8 

  0x0000014bedded680: ; ImmutableOopMap {[232]=Oop [264]=Oop [288]=Oop [312]=Oop [400]=Oop [408]=Oop [416]=Oop }
                      ;*invokestatic getFromCache {reexecute=0 rethrow=0 return_oop=0}
                      ; - sun.java2d.pipe.DrawImage::renderImageXform@567 (line 497)
  0x0000014bedded680: dc26 1a01 

  0x0000014bedded684: ;   {other}
  0x0000014bedded684: 0f1f 8400 | f423 0015 

  0x0000014bedded68c: ; implicit exception: dispatches to 0x0000014beddee148
  0x0000014bedded68c: 483b 0048 

  0x0000014bedded690: ;   {metadata(method data for {method} {0x0000014b865084d8} 'renderImageXform' '(Lsun/java2d/SunGraphics2D;Ljava/awt/Image;Ljava/awt/geom/AffineTransform;IIIIILjava/awt/Color;)V' in 'sun/java2d/pipe/DrawImage')}
  0x0000014bedded690: 8bd0 48be | 5061 b38f | 4b01 0000 | 4883 86e8 | 0800 0001 | 488b 5010 | 4883 fa00 

  0x0000014bedded6ac: ;   {metadata(method data for {method} {0x0000014b865084d8} 'renderImageXform' '(Lsun/java2d/SunGraphics2D;Ljava/awt/Image;Ljava/awt/geom/AffineTransform;IIIIILjava/awt/Color;)V' in 'sun/java2d/pipe/DrawImage')}
  0x0000014bedded6ac: 48ba 5061 | b38f 4b01 | 0000 48c7 | c630 0900 | 0075 0748 | c7c6 2009 | 0000 488b | 3c32 488d 
  0x0000014bedded6cc: 7f01 4889 | 3c32 0f85 | fa05 0000 | 8b9c 242c | 0100 008b | b424 2801 | 0000 448b | 9c24 3001 
  0x0000014bedded6ec: 0000 442b | de44 899c | 24c4 0100 | 0044 8bac | 2434 0100 | 0044 2beb | 4489 ac24 | c001 0000 
  0x0000014bedded70c: ;   {metadata('java/awt/image/BufferedImage')}
  0x0000014bedded70c: 48ba 78de | 2400 0800 | 0000 89b4 | 2428 0100 | 0049 8b87 | b801 0000 | 488d 7828 | 493b bfc8 
  0x0000014bedded72c: 0100 000f | 8718 0a00 | 0049 89bf | b801 0000 | 48c7 0001 | 0000 0048 | 8bca 49ba | 0000 0000 
  0x0000014bedded74c: 0800 0000 | 492b ca89 | 4808 4833 | c989 480c | 4833 c948 | 8948 1048 | 8948 1848 | 8948 2048 
  0x0000014bedded76c: ;   {metadata(method data for {method} {0x0000014b865084d8} 'renderImageXform' '(Lsun/java2d/SunGraphics2D;Ljava/awt/Image;Ljava/awt/geom/AffineTransform;IIIIILjava/awt/Color;)V' in 'sun/java2d/pipe/DrawImage')}
  0x0000014bedded76c: 8bf8 48ba | 5061 b38f | 4b01 0000 | 4883 8278 | 0900 0001 | 4d8b c34d | 8bcd bf03 | 0000 0048 
  0x0000014bedded78c: 8bd0 899c | 242c 0100 | 0048 8984 | 24b8 0100 

  0x0000014bedded79c: ;   {optimized virtual_call}
  0x0000014bedded79c: 0066 90e8 

  0x0000014bedded7a0: ; ImmutableOopMap {[232]=Oop [264]=Oop [288]=Oop [312]=Oop [400]=Oop [408]=Oop [416]=Oop [440]=Oop }
                      ;*invokespecial <init> {reexecute=0 rethrow=0 return_oop=0}
                      ; - sun.java2d.pipe.DrawImage::renderImageXform@646 (line 522)
  0x0000014bedded7a0: dc16 0107 

  0x0000014bedded7a4: ;   {other}
  0x0000014bedded7a4: 0f1f 8400 | 1425 0016 

  0x0000014bedded7ac: ;   {metadata(method data for {method} {0x0000014b865084d8} 'renderImageXform' '(Lsun/java2d/SunGraphics2D;Ljava/awt/Image;Ljava/awt/geom/AffineTransform;IIIIILjava/awt/Color;)V' in 'sun/java2d/pipe/DrawImage')}
  0x0000014bedded7ac: 48ba 5061 | b38f 4b01 | 0000 4883 | 8288 0900 

  0x0000014bedded7bc: ;   {metadata(method data for {method} {0x0000014b862dcd60} 'getPrimarySurfaceData' '(Ljava/awt/Image;)Lsun/java2d/SurfaceData;' in 'sun/java2d/SurfaceData')}
  0x0000014bedded7bc: 0001 48ba | 0087 b38f | 4b01 0000 | 8bb2 cc00 | 0000 83c6 | 0289 b2cc | 0000 0081 | e6fe ff1f 
  0x0000014bedded7dc: 0085 f60f | 8475 0900 

  0x0000014bedded7e4: ;   {metadata(method data for {method} {0x0000014b862dcd60} 'getPrimarySurfaceData' '(Ljava/awt/Image;)Lsun/java2d/SurfaceData;' in 'sun/java2d/SurfaceData')}
  0x0000014bedded7e4: 0048 ba00 | 87b3 8f4b | 0100 0048 | 8382 1001 | 0000 0148 | 8b94 24b8 

  0x0000014bedded7fc: ;   {static_call}
  0x0000014bedded7fc: 0100 00e8 

  0x0000014bedded800: ; ImmutableOopMap {[232]=Oop [264]=Oop [288]=Oop [312]=Oop [400]=Oop [408]=Oop [416]=Oop }
                      ;*invokestatic getManager {reexecute=0 rethrow=0 return_oop=0}
                      ; - sun.java2d.SurfaceData::getPrimarySurfaceData@1 (line 275)
                      ; - sun.java2d.pipe.DrawImage::renderImageXform@653 (line 524)
  0x0000014bedded800: 7c20 0107 

  0x0000014bedded804: ;   {other}
  0x0000014bedded804: 0f1f 8400 | 7425 0017 

  0x0000014bedded80c: ; implicit exception: dispatches to 0x0000014beddee17b
  0x0000014bedded80c: 483b 0048 

  0x0000014bedded810: ;   {metadata(method data for {method} {0x0000014b862dcd60} 'getPrimarySurfaceData' '(Ljava/awt/Image;)Lsun/java2d/SurfaceData;' in 'sun/java2d/SurfaceData')}
  0x0000014bedded810: 8bd0 48be | 0087 b38f | 4b01 0000 | 8b52 0849 | ba00 0000 | 0008 0000 | 0049 03d2 | 483b 9630 
  0x0000014bedded830: 0100 0075 | 0d48 8386 | 3801 0000 | 01e9 6000 | 0000 483b | 9640 0100 | 0075 0d48 | 8386 4801 
  0x0000014bedded850: 0000 01e9 | 4a00 0000 | 4883 be30 | 0100 0000 | 7517 4889 | 9630 0100 | 0048 c786 | 3801 0000 
  0x0000014bedded870: 0100 0000 | e929 0000 | 0048 83be | 4001 0000 | 0075 1748 | 8996 4001 | 0000 48c7 | 8648 0100 
  0x0000014bedded890: 0001 0000 | 00e9 0800 | 0000 4883 | 8620 0100 | 0001 488b | d048 b8ff | ffff ffff 

  0x0000014bedded8ac: ;   {virtual_call}
  0x0000014bedded8ac: ffff ffe8 

  0x0000014bedded8b0: ; ImmutableOopMap {[232]=Oop [264]=Oop [288]=Oop [312]=Oop [400]=Oop [408]=Oop [416]=Oop }
                      ;*invokevirtual getPrimarySurfaceData {reexecute=0 rethrow=0 return_oop=0}
                      ; - sun.java2d.SurfaceData::getPrimarySurfaceData@6 (line 276)
                      ; - sun.java2d.pipe.DrawImage::renderImageXform@653 (line 524)
  0x0000014bedded8b0: cc1a 0107 

  0x0000014bedded8b4: ;   {other}
  0x0000014bedded8b4: 0f1f 8400 | 2426 0018 

  0x0000014bedded8bc: ; implicit exception: dispatches to 0x0000014beddee180
  0x0000014bedded8bc: 483b 0048 

  0x0000014bedded8c0: ;   {metadata(method data for {method} {0x0000014b865084d8} 'renderImageXform' '(Lsun/java2d/SunGraphics2D;Ljava/awt/Image;Ljava/awt/geom/AffineTransform;IIIIILjava/awt/Color;)V' in 'sun/java2d/pipe/DrawImage')}
  0x0000014bedded8c0: 8bd0 49b8 | 5061 b38f | 4b01 0000 | 4983 8098 | 0900 0001 | 8b70 2448 

  0x0000014bedded8d8: ;   {metadata(method data for {method} {0x0000014b865084d8} 'renderImageXform' '(Lsun/java2d/SunGraphics2D;Ljava/awt/Image;Ljava/awt/geom/AffineTransform;IIIIILjava/awt/Color;)V' in 'sun/java2d/pipe/DrawImage')}
  0x0000014bedded8d8: c1e6 0348 | ba50 61b3 | 8f4b 0100 | 0048 8382 | d009 0000 

  0x0000014bedded8ec: ;   {oop(a 'sun/java2d/loops/SurfaceType'{0x0000000704600768})}
  0x0000014bedded8ec: 0148 ba68 | 0760 0407 

  0x0000014bedded8f4: ;   {oop(a 'sun/java2d/loops/CompositeType'{0x0000000704600868})}
  0x0000014bedded8f4: 0000 0049 | b868 0860 | 0407 0000 | 004c 8bce | 4889 b424 | d001 0000 | 4889 8424 | c801 0000 
  0x0000014bedded914: ;   {static_call}
  0x0000014bedded914: 6666 90e8 

  0x0000014bedded918: ; ImmutableOopMap {[232]=Oop [264]=Oop [288]=Oop [312]=Oop [400]=Oop [408]=Oop [416]=Oop [456]=Oop [464]=Oop }
                      ;*invokestatic getFromCache {reexecute=0 rethrow=0 return_oop=0}
                      ; - sun.java2d.pipe.DrawImage::renderImageXform@673 (line 526)
  0x0000014bedded918: 641f 0107 

  0x0000014bedded91c: ;   {other}
  0x0000014bedded91c: 0f1f 8400 | 8c26 0019 | 4c8b c044 | 8bac 24c0 | 0100 0041 | d1e5 4183 | c502 498b 

  0x0000014bedded938: ;   {metadata({type array int})}
  0x0000014bedded938: dd48 bac8 | 0d04 0008 | 0000 0048 | 63db 488b | fb48 81fb | ffff ff00 | 0f87 2f08 | 0000 48c7 
  0x0000014bedded958: c617 0000 | 0048 8d34 | 9e48 83e6 | f849 8b87 | b801 0000 | 488d 3430 | 493b b7c8 | 0100 000f 
  0x0000014bedded978: 8708 0800 | 0049 89b7 | b801 0000 | 482b f048 | c700 0100 | 0000 488b | ca49 ba00 | 0000 0008 
  0x0000014bedded998: 0000 0049 | 2bca 8948 | 0889 580c | 4883 ee10 | 4885 f60f | 8411 0000 | 0048 33db | 48c1 ee03 
  0x0000014bedded9b8: 4889 5cf0 | 0848 ffce | 75f6 488b | 9c24 a001 | 0000 483b | 034c 8bcb 

  0x0000014bedded9d0: ;   {metadata(method data for {method} {0x0000014b865084d8} 'renderImageXform' '(Lsun/java2d/SunGraphics2D;Ljava/awt/Image;Ljava/awt/geom/AffineTransform;IIIIILjava/awt/Color;)V' in 'sun/java2d/pipe/DrawImage')}
  0x0000014bedded9d0: 48bf 5061 | b38f 4b01 

  0x0000014bedded9d8: ;   {metadata('sun/java2d/loops/TransformHelper')}
  0x0000014bedded9d8: 0000 49ba | d02c 2900 | 0800 0000 | 4c89 97f0 | 0900 0048 | 8387 f809 | 0000 014c | 8b8c 2498 
  0x0000014bedded9f8: 0100 0048 | 8bbc 24c8 

  0x0000014beddeda00: ;   {oop(a 'java/awt/AlphaComposite'{0x0000000704ca6fe0})}
  0x0000014beddeda00: 0100 0048 | bee0 6fca | 0407 0000 

  0x0000014beddeda0c: ;   {oop(nullptr)}
  0x0000014beddeda0c: 0048 b900 | 0000 0000 | 0000 0048 | 8b94 2408 | 0100 0048 | 8914 2444 | 8b9c 24dc | 0000 0044 
  0x0000014beddeda2c: 895c 2408 | 448b ac24 | a801 0000 | 4489 6c24 | 1044 8bb4 | 24ac 0100 | 0044 8974 | 2418 448b 
  0x0000014beddeda4c: 9c24 b001 | 0000 4489 | 5c24 2044 | 8bac 24b4 | 0100 0044 | 896c 2428 | c744 2430 | 0000 0000 
  0x0000014beddeda6c: c744 2438 | 0000 0000 | 448b 9c24 | c401 0000 | 4489 5c24 | 4044 8bac | 24c0 0100 | 0044 896c 
  0x0000014beddeda8c: 2448 4889 | 4424 5044 | 8bb4 2428 | 0100 0044 | 8974 2458 | 8b94 242c | 0100 0089 | 5424 6089 
  0x0000014beddedaac: 9424 2c01 | 0000 488b | d348 8984 | 24d8 0100 | 0044 89b4 | 2428 0100 

  0x0000014beddedac4: ;   {optimized virtual_call}
  0x0000014beddedac4: 0066 90e8 

  0x0000014beddedac8: ; ImmutableOopMap {[232]=Oop [288]=Oop [312]=Oop [400]=Oop [456]=Oop [464]=Oop [472]=Oop }
                      ;*invokevirtual Transform {reexecute=0 rethrow=0 return_oop=0}
                      ; - sun.java2d.pipe.DrawImage::renderImageXform@724 (line 547)
  0x0000014beddedac8: b413 0107 

  0x0000014beddedacc: ;   {other}
  0x0000014beddedacc: 0f1f 8400 | 3c28 001a 

  0x0000014beddedad4: ;   {metadata(method data for {method} {0x0000014b865084d8} 'renderImageXform' '(Lsun/java2d/SunGraphics2D;Ljava/awt/Image;Ljava/awt/geom/AffineTransform;IIIIILjava/awt/Color;)V' in 'sun/java2d/pipe/DrawImage')}
  0x0000014beddedad4: 48ba 5061 | b38f 4b01 | 0000 4883 | 8218 0a00 | 0001 8b94 | 2428 0100 | 0044 8b84 | 242c 0100 
  0x0000014beddedaf4: 0044 8b8c | 2430 0100 | 008b bc24 | 3401 0000 | 488b b424 | d801 0000 

  0x0000014beddedb0c: ;   {static_call}
  0x0000014beddedb0c: 6666 90e8 

  0x0000014beddedb10: ; ImmutableOopMap {[232]=Oop [288]=Oop [312]=Oop [400]=Oop [456]=Oop [464]=Oop }
                      ;*invokestatic getInstance {reexecute=0 rethrow=0 return_oop=0}
                      ; - sun.java2d.pipe.DrawImage::renderImageXform@737 (line 554)
  0x0000014beddedb10: 6c1d 0107 

  0x0000014beddedb14: ;   {other}
  0x0000014beddedb14: 0f1f 8400 | 8428 001b | 488b b424 | 2001 0000 

  0x0000014beddedb24: ;   {metadata(method data for {method} {0x0000014b865084d8} 'renderImageXform' '(Lsun/java2d/SunGraphics2D;Ljava/awt/Image;Ljava/awt/geom/AffineTransform;IIIIILjava/awt/Color;)V' in 'sun/java2d/pipe/DrawImage')}
  0x0000014beddedb24: 49b8 5061 | b38f 4b01 | 0000 4983 | 8028 0a00 | 0001 4c8b | c048 8b94 | 2420 0100 | 0066 0f1f 
  0x0000014beddedb44: ;   {optimized virtual_call}
  0x0000014beddedb44: 4400 00e8 

  0x0000014beddedb48: ; ImmutableOopMap {[232]=Oop [312]=Oop [400]=Oop [456]=Oop [464]=Oop }
                      ;*invokevirtual getIntersection {reexecute=0 rethrow=0 return_oop=0}
                      ; - sun.java2d.pipe.DrawImage::renderImageXform@746 (line 555)
  0x0000014beddedb48: 3413 0107 

  0x0000014beddedb4c: ;   {other}
  0x0000014beddedb4c: 0f1f 8400 | bc28 001c | 4c8b 8424 | e800 0000 | 458b 8880 | 0000 0049 

  0x0000014beddedb64: ;   {metadata(method data for {method} {0x0000014b865084d8} 'renderImageXform' '(Lsun/java2d/SunGraphics2D;Ljava/awt/Image;Ljava/awt/geom/AffineTransform;IIIIILjava/awt/Color;)V' in 'sun/java2d/pipe/DrawImage')}
  0x0000014beddedb64: c1e1 0348 | ba50 61b3 | 8f4b 0100 | 0048 8382 | 600a 0000 | 0148 8b94 | 24d0 0100 | 004d 8bc1 
  0x0000014beddedb84: 4c8b 8c24 | 9001 0000 | 4889 8424 | e001 0000 

  0x0000014beddedb94: ;   {static_call}
  0x0000014beddedb94: 6666 90e8 

  0x0000014beddedb98: ; ImmutableOopMap {[232]=Oop [312]=Oop [456]=Oop [480]=Oop }
                      ;*invokestatic getFromCache {reexecute=0 rethrow=0 return_oop=0}
                      ; - sun.java2d.pipe.DrawImage::renderImageXform@759 (line 560)
  0x0000014beddedb98: e41c 0107 

  0x0000014beddedb9c: ;   {other}
  0x0000014beddedb9c: 0f1f 8400 | 0c29 001d | 4c8b 8424 | e800 0000 | 418b b898 | 0000 0048 | c1e7 0348 | 3b00 4c8b 
  0x0000014beddedbbc: ;   {metadata(method data for {method} {0x0000014b865084d8} 'renderImageXform' '(Lsun/java2d/SunGraphics2D;Ljava/awt/Image;Ljava/awt/geom/AffineTransform;IIIIILjava/awt/Color;)V' in 'sun/java2d/pipe/DrawImage')}
  0x0000014beddedbbc: c049 b950 | 61b3 8f4b | 0100 0045 | 8b40 0849 | ba00 0000 | 0008 0000 | 004d 03c2 | 4d3b 8180 
  0x0000014beddedbdc: 0a00 0075 | 0d49 8381 | 880a 0000 | 01e9 6000 | 0000 4d3b | 8190 0a00 | 0075 0d49 | 8381 980a 
  0x0000014beddedbfc: 0000 01e9 | 4a00 0000 | 4983 b980 | 0a00 0000 | 7517 4d89 | 8180 0a00 | 0049 c781 | 880a 0000 
  0x0000014beddedc1c: 0100 0000 | e929 0000 | 0049 83b9 | 900a 0000 | 0075 174d | 8981 900a | 0000 49c7 | 8198 0a00 
  0x0000014beddedc3c: 0001 0000 | 00e9 0800 | 0000 4983 | 8170 0a00 | 0001 4c8b | 8424 c801 | 0000 4c8b | 8c24 3801 
  0x0000014beddedc5c: 0000 488b | b424 e001 | 0000 b900 | 0000 00c7 | 0424 0000 | 0000 8b9c | 2428 0100 | 0089 5c24 
  0x0000014beddedc7c: 088b 9c24 | 2c01 0000 | 895c 2410 | 448b 9c24 | c401 0000 | 4489 5c24 | 1844 8bac | 24c0 0100 
  0x0000014beddedc9c: 0044 896c | 2420 488b | d048 b8ff | ffff ffff 

  0x0000014beddedcac: ;   {virtual_call}
  0x0000014beddedcac: ffff ffe8 

  0x0000014beddedcb0: ; ImmutableOopMap {}
                      ;*invokevirtual Blit {reexecute=0 rethrow=0 return_oop=0}
                      ; - sun.java2d.pipe.DrawImage::renderImageXform@786 (line 561)
  0x0000014beddedcb0: cc16 0107 

  0x0000014beddedcb4: ;   {other}
  0x0000014beddedcb4: 0f1f 8400 | 242a 001e | 4881 c410 | 0200 005d 

  0x0000014beddedcc4: ;   {poll_return}
  0x0000014beddedcc4: 493b a748 | 0400 000f | 87c8 0400 | 00c3 488b | 9c24 a001 | 0000 488b | b424 9801 | 0000 448b 
  0x0000014beddedce4: 8c24 b001 | 0000 488b | bc24 3801 | 0000 488b | 8c24 2001 | 0000 488b | 9424 0801 | 0000 448b 
  0x0000014beddedd04: 9c24 dc00 | 0000 4c8b | 8424 e800 | 0000 458b | 8098 0000 | 0049 c1e0 | 0348 3b03 | 4c8b f348 
  0x0000014beddedd24: 899c 24a0 

  0x0000014beddedd28: ;   {metadata(method data for {method} {0x0000014b865084d8} 'renderImageXform' '(Lsun/java2d/SunGraphics2D;Ljava/awt/Image;Ljava/awt/geom/AffineTransform;IIIIILjava/awt/Color;)V' in 'sun/java2d/pipe/DrawImage')}
  0x0000014beddedd28: 0100 0048 | bb50 61b3 | 8f4b 0100 | 0048 8383 | 5809 0000 | 0149 8bd8 | 4c8b c049 | 8bc1 4c8b 
  0x0000014beddedd48: ce48 8bf3 | 4889 1424 | 4489 5c24 | 088b 9424 | a801 0000 | 8954 2410 | 448b b424 | ac01 0000 
  0x0000014beddedd68: 4489 7424 | 1889 4424 | 2044 8bac | 24b4 0100 | 0044 896c | 2428 8b94 | 2428 0100 | 0089 5424 
  0x0000014beddedd88: 308b 9424 | 2c01 0000 | 8954 2438 | 8b94 2430 | 0100 0089 | 5424 408b | 9424 3401 | 0000 8954 
  0x0000014beddedda8: 2448 4d33 | d24c 8954 | 2450 c744 | 2458 0000 | 0000 c744 | 2460 0000 | 0000 488b | 9424 a001 
  0x0000014beddeddc8: 0000 0f1f 

  0x0000014beddeddcc: ;   {optimized virtual_call}
  0x0000014beddeddcc: 4400 00e8 

  0x0000014beddeddd0: ; ImmutableOopMap {}
                      ;*invokevirtual Transform {reexecute=0 rethrow=0 return_oop=0}
                      ; - sun.java2d.pipe.DrawImage::renderImageXform@619 (line 508)
  0x0000014beddeddd0: 0c03 7607 

  0x0000014beddeddd4: ;   {other}
  0x0000014beddeddd4: 0f1f 8400 | 442b 001f | 4881 c410 | 0200 005d 

  0x0000014beddedde4: ;   {poll_return}
  0x0000014beddedde4: 493b a748 | 0400 000f | 87c3 0300 | 00c3 4881 | c410 0200 

  0x0000014beddeddf8: ;   {poll_return}
  0x0000014beddeddf8: 005d 493b | a748 0400 | 000f 87c3 | 0300 00c3 | 4881 c410 | 0200 005d 

  0x0000014beddede10: ;   {poll_return}
  0x0000014beddede10: 493b a748 | 0400 000f | 87c3 0300 | 00c3 4881 | c410 0200 

  0x0000014beddede24: ;   {poll_return}
  0x0000014beddede24: 005d 493b | a748 0400 | 000f 87c3 | 0300 00c3 | 498b 87f8 | 0400 004d | 33d2 4d89 | 97f8 0400 
  0x0000014beddede44: 004d 33d2 | 4d89 9700 | 0500 0048 | 81c4 1002 

  0x0000014beddede54: ;   {poll_return}
  0x0000014beddede54: 0000 5d49 | 3ba7 4804 | 0000 0f87 | a803 0000 

  0x0000014beddede64: ;   {metadata({method} {0x0000014b865084d8} 'renderImageXform' '(Lsun/java2d/SunGraphics2D;Ljava/awt/Image;Ljava/awt/geom/AffineTransform;IIIIILjava/awt/Color;)V' in 'sun/java2d/pipe/DrawImage')}
  0x0000014beddede64: c349 bad0 | 8450 864b | 0100 004c | 8954 2408 | 48c7 0424 | ffff ffff 

  0x0000014beddede7c: ;   {runtime_call counter_overflow Runtime1 stub}
  0x0000014beddede7c: e87f 090e 

  0x0000014beddede80: ; ImmutableOopMap {rdx=Oop r8=Oop r9=Oop rdi=Oop [224]=Oop [232]=Oop [568]=Oop }
                      ;*synchronization entry
                      ; - sun.java2d.pipe.DrawImage::renderImageXform@-1 (line 371)
  0x0000014beddede80: 07e9 bdd9 

  0x0000014beddede84: ;   {runtime_call throw_null_pointer_exception Runtime1 stub}
  0x0000014beddede84: ffff e815 

  0x0000014beddede88: ; ImmutableOopMap {rdi=Oop [224]=Oop [232]=Oop [240]=Oop [248]=Oop [568]=Oop }
                      ;*invokevirtual createInverse {reexecute=0 rethrow=0 return_oop=0}
                      ; - sun.java2d.pipe.DrawImage::renderImageXform@1 (line 371)
                      ;   {runtime_call new_type_array Runtime1 stub}
  0x0000014beddede88: a70d 07e8 

  0x0000014beddede8c: ; ImmutableOopMap {r9=Oop [224]=Oop [232]=Oop [240]=Oop [248]=Oop [264]=Oop [568]=Oop }
                      ;*newarray {reexecute=0 rethrow=0 return_oop=0}
                      ; - sun.java2d.pipe.DrawImage::renderImageXform@8 (line 372)
  0x0000014beddede8c: f0b9 0d07 | e980 daff 

  0x0000014beddede94: ;   {runtime_call throw_null_pointer_exception Runtime1 stub}
  0x0000014beddede94: ffe8 06a7 

  0x0000014beddede98: ; ImmutableOopMap {r9=Oop rax=Oop [224]=Oop [232]=Oop [240]=Oop [248]=Oop [264]=Oop [568]=Oop }
                      ;*invokevirtual getMatrix {reexecute=0 rethrow=0 return_oop=0}
                      ; - sun.java2d.pipe.DrawImage::renderImageXform@16 (line 373)
  0x0000014beddede98: 0d07 4889 | 1c24 4889 

  0x0000014beddedea0: ;   {runtime_call throw_range_check_failed Runtime1 stub}
  0x0000014beddedea0: 4424 08e8 

  0x0000014beddedea4: ; ImmutableOopMap {rax=Oop [224]=Oop [232]=Oop [240]=Oop [248]=Oop [264]=Oop [568]=Oop }
                      ;*daload {reexecute=0 rethrow=0 return_oop=0}
                      ; - sun.java2d.pipe.DrawImage::renderImageXform@42 (line 374)
  0x0000014beddedea4: f89d 0d07 

  0x0000014beddedea8: ;   {metadata({method} {0x0000014b8514c788} 'isFinite' '(D)Z' in 'java/lang/Double')}
  0x0000014beddedea8: 49ba 80c7 | 1485 4b01 | 0000 4c89 | 5424 0848 | c704 24ff 

  0x0000014beddedebc: ;   {runtime_call counter_overflow Runtime1 stub}
  0x0000014beddedebc: ffff ffe8 

  0x0000014beddedec0: ; ImmutableOopMap {rax=Oop [224]=Oop [232]=Oop [240]=Oop [248]=Oop [264]=Oop [568]=Oop }
                      ;*synchronization entry
                      ; - java.lang.Double::isFinite@-1 (line 844)
                      ; - sun.java2d.pipe.DrawImage::renderImageXform@47 (line 375)
  0x0000014beddedec0: 3c09 0e07 | e911 dbff 

  0x0000014beddedec8: ;   {metadata({method} {0x0000014b865084d8} 'renderImageXform' '(Lsun/java2d/SunGraphics2D;Ljava/awt/Image;Ljava/awt/geom/AffineTransform;IIIIILjava/awt/Color;)V' in 'sun/java2d/pipe/DrawImage')}
  0x0000014beddedec8: ff49 bad0 | 8450 864b | 0100 004c | 8954 2408 | 48c7 0424 | 3900 0000 

  0x0000014beddedee0: ;   {runtime_call counter_overflow Runtime1 stub}
  0x0000014beddedee0: e81b 090e 

  0x0000014beddedee4: ; ImmutableOopMap {rax=Oop [224]=Oop [232]=Oop [240]=Oop [248]=Oop [264]=Oop [568]=Oop }
                      ;*goto {reexecute=1 rethrow=0 return_oop=0}
                      ; - (reexecute) sun.java2d.pipe.DrawImage::renderImageXform@57 (line 374)
  0x0000014beddedee4: 07e9 e2db 

  0x0000014beddedee8: ;   {runtime_call new_type_array Runtime1 stub}
  0x0000014beddedee8: ffff e891 

  0x0000014beddedeec: ; ImmutableOopMap {r9=Oop [224]=Oop [232]=Oop [240]=Oop [248]=Oop [264]=Oop [568]=Oop }
                      ;*newarray {reexecute=0 rethrow=0 return_oop=0}
                      ; - sun.java2d.pipe.DrawImage::renderImageXform@68 (line 393)
  0x0000014beddedeec: b90d 07e9 | b8dc ffff | 4889 1424 | 4889 4424 

  0x0000014beddedefc: ;   {runtime_call throw_range_check_failed Runtime1 stub}
  0x0000014beddedefc: 08e8 9e9d 

  0x0000014beddedf00: ; ImmutableOopMap {rax=Oop [232]=Oop [240]=Oop [248]=Oop [264]=Oop [568]=Oop }
                      ;*daload {reexecute=0 rethrow=0 return_oop=0}
                      ; - sun.java2d.pipe.DrawImage::renderImageXform@148 (line 404)
  0x0000014beddedf00: 0d07 4889 | 3424 4889 

  0x0000014beddedf08: ;   {runtime_call throw_range_check_failed Runtime1 stub}
  0x0000014beddedf08: 4424 08e8 

  0x0000014beddedf0c: ; ImmutableOopMap {rax=Oop [232]=Oop [240]=Oop [248]=Oop [264]=Oop [568]=Oop }
                      ;*daload {reexecute=0 rethrow=0 return_oop=0}
                      ; - sun.java2d.pipe.DrawImage::renderImageXform@184 (line 407)
  0x0000014beddedf0c: 909d 0d07 

  0x0000014beddedf10: ;   {metadata({method} {0x0000014b865084d8} 'renderImageXform' '(Lsun/java2d/SunGraphics2D;Ljava/awt/Image;Ljava/awt/geom/AffineTransform;IIIIILjava/awt/Color;)V' in 'sun/java2d/pipe/DrawImage')}
  0x0000014beddedf10: 49ba d084 | 5086 4b01 | 0000 4c89 | 5424 0848 | c704 24d9 

  0x0000014beddedf24: ;   {runtime_call counter_overflow Runtime1 stub}
  0x0000014beddedf24: 0000 00e8 

  0x0000014beddedf28: ; ImmutableOopMap {rax=Oop [232]=Oop [240]=Oop [248]=Oop [264]=Oop [568]=Oop }
                      ;*goto {reexecute=1 rethrow=0 return_oop=0}
                      ; - (reexecute) sun.java2d.pipe.DrawImage::renderImageXform@217 (line 403)
  0x0000014beddedf28: d408 0e07 | e93f dfff 

  0x0000014beddedf30: ;   {runtime_call throw_null_pointer_exception Runtime1 stub}
  0x0000014beddedf30: ffe8 6aa6 

  0x0000014beddedf34: ; ImmutableOopMap {r8=Oop [232]=Oop [240]=Oop [248]=Oop [264]=Oop [568]=Oop }
                      ;*invokevirtual getCompClip {reexecute=0 rethrow=0 return_oop=0}
                      ; - sun.java2d.pipe.DrawImage::renderImageXform@221 (line 412)
                      ;   {metadata({method} {0x0000014b8646ba78} 'getCompClip' '()Lsun/java2d/pipe/Region;' in 'sun/java2d/SunGraphics2D')}
  0x0000014beddedf34: 0d07 49ba | 70ba 4686 | 4b01 0000 | 4c89 5424 | 0848 c704 | 24ff ffff 

  0x0000014beddedf4c: ;   {runtime_call counter_overflow Runtime1 stub}
  0x0000014beddedf4c: ffe8 ae08 

  0x0000014beddedf50: ; ImmutableOopMap {r8=Oop [232]=Oop [240]=Oop [248]=Oop [264]=Oop [568]=Oop }
                      ;*synchronization entry
                      ; - sun.java2d.SunGraphics2D::getCompClip@-1 (line 555)
                      ; - sun.java2d.pipe.DrawImage::renderImageXform@221 (line 412)
  0x0000014beddedf50: 0e07 e987 

  0x0000014beddedf54: ;   {runtime_call throw_null_pointer_exception Runtime1 stub}
  0x0000014beddedf54: dfff ffe8 

  0x0000014beddedf58: ; ImmutableOopMap {r8=Oop rdx=Oop [232]=Oop [240]=Oop [248]=Oop [264]=Oop [568]=Oop }
                      ;*invokevirtual isValid {reexecute=0 rethrow=0 return_oop=0}
                      ; - sun.java2d.SunGraphics2D::getCompClip@4 (line 555)
                      ; - sun.java2d.pipe.DrawImage::renderImageXform@221 (line 412)
  0x0000014beddedf58: 44a6 0d07 

  0x0000014beddedf5c: ;   {metadata({method} {0x0000014b851a6888} 'floor' '(D)D' in 'java/lang/Math')}
  0x0000014beddedf5c: 49ba 8068 | 1a85 4b01 | 0000 4c89 | 5424 0848 | c704 24ff 

  0x0000014beddedf70: ;   {runtime_call counter_overflow Runtime1 stub}
  0x0000014beddedf70: ffff ffe8 

  0x0000014beddedf74: ; ImmutableOopMap {[232]=Oop [240]=Oop [248]=Oop [264]=Oop [288]=Oop [568]=Oop }
                      ;*synchronization entry
                      ; - java.lang.Math::floor@-1 (line 523)
                      ; - sun.java2d.pipe.DrawImage::renderImageXform@228 (line 413)
  0x0000014beddedf74: 8808 0e07 | e95c e0ff 

  0x0000014beddedf7c: ;   {runtime_call throw_null_pointer_exception Runtime1 stub}
  0x0000014beddedf7c: ffe8 1ea6 

  0x0000014beddedf80: ; ImmutableOopMap {rdi=Oop [232]=Oop [240]=Oop [248]=Oop [264]=Oop [288]=Oop [568]=Oop }
                      ;*invokevirtual getLoX {reexecute=0 rethrow=0 return_oop=0}
                      ; - sun.java2d.pipe.DrawImage::renderImageXform@234 (line 413)
                      ;   {metadata({method} {0x0000014b851a94a0} 'max' '(II)I' in 'java/lang/Math')}
  0x0000014beddedf80: 0d07 49ba | 9894 1a85 | 4b01 0000 | 4c89 5424 | 0848 c704 | 24ff ffff 

  0x0000014beddedf98: ;   {runtime_call counter_overflow Runtime1 stub}
  0x0000014beddedf98: ffe8 6208 

  0x0000014beddedf9c: ; ImmutableOopMap {rdi=Oop [232]=Oop [240]=Oop [248]=Oop [264]=Oop [288]=Oop [568]=Oop }
                      ;*synchronization entry
                      ; - java.lang.Math::max@-1 (line 2020)
                      ; - sun.java2d.pipe.DrawImage::renderImageXform@237 (line 413)
  0x0000014beddedf9c: 0e07 e9d0 

  0x0000014beddedfa0: ;   {metadata({method} {0x0000014b851a6888} 'floor' '(D)D' in 'java/lang/Math')}
  0x0000014beddedfa0: e0ff ff49 | ba80 681a | 854b 0100 | 004c 8954 | 2408 48c7 | 0424 ffff 

  0x0000014beddedfb8: ;   {runtime_call counter_overflow Runtime1 stub}
  0x0000014beddedfb8: ffff e841 

  0x0000014beddedfbc: ; ImmutableOopMap {[232]=Oop [240]=Oop [248]=Oop [264]=Oop [288]=Oop [568]=Oop }
                      ;*synchronization entry
                      ; - java.lang.Math::floor@-1 (line 523)
                      ; - sun.java2d.pipe.DrawImage::renderImageXform@244 (line 414)
  0x0000014beddedfbc: 080e 07e9 | 3de1 ffff 

  0x0000014beddedfc4: ;   {metadata({method} {0x0000014b851a94a0} 'max' '(II)I' in 'java/lang/Math')}
  0x0000014beddedfc4: 49ba 9894 | 1a85 4b01 | 0000 4c89 | 5424 0848 | c704 24ff 

  0x0000014beddedfd8: ;   {runtime_call counter_overflow Runtime1 stub}
  0x0000014beddedfd8: ffff ffe8 

  0x0000014beddedfdc: ; ImmutableOopMap {rdi=Oop [232]=Oop [240]=Oop [248]=Oop [264]=Oop [288]=Oop [568]=Oop }
                      ;*synchronization entry
                      ; - java.lang.Math::max@-1 (line 2020)
                      ; - sun.java2d.pipe.DrawImage::renderImageXform@253 (line 414)
  0x0000014beddedfdc: 2008 0e07 | e9b8 e1ff 

  0x0000014beddedfe4: ;   {metadata({method} {0x0000014b851a67c8} 'ceil' '(D)D' in 'java/lang/Math')}
  0x0000014beddedfe4: ff49 bac0 | 671a 854b | 0100 004c | 8954 2408 | 48c7 0424 | ffff ffff 

  0x0000014beddedffc: ;   {runtime_call counter_overflow Runtime1 stub}
  0x0000014beddedffc: e8ff 070e 

  0x0000014beddee000: ; ImmutableOopMap {[232]=Oop [240]=Oop [248]=Oop [264]=Oop [288]=Oop [568]=Oop }
                      ;*synchronization entry
                      ; - java.lang.Math::ceil@-1 (line 499)
                      ; - sun.java2d.pipe.DrawImage::renderImageXform@260 (line 415)
  0x0000014beddee000: 07e9 25e2 

  0x0000014beddee004: ;   {metadata({method} {0x0000014b851a9878} 'min' '(II)I' in 'java/lang/Math')}
  0x0000014beddee004: ffff 49ba | 7098 1a85 | 4b01 0000 | 4c89 5424 | 0848 c704 | 24ff ffff 

  0x0000014beddee01c: ;   {runtime_call counter_overflow Runtime1 stub}
  0x0000014beddee01c: ffe8 de07 

  0x0000014beddee020: ; ImmutableOopMap {rdi=Oop [232]=Oop [240]=Oop [248]=Oop [264]=Oop [288]=Oop [568]=Oop }
                      ;*synchronization entry
                      ; - java.lang.Math::min@-1 (line 2115)
                      ; - sun.java2d.pipe.DrawImage::renderImageXform@269 (line 415)
  0x0000014beddee020: 0e07 e9a6 

  0x0000014beddee024: ;   {metadata({method} {0x0000014b851a67c8} 'ceil' '(D)D' in 'java/lang/Math')}
  0x0000014beddee024: e2ff ff49 | bac0 671a | 854b 0100 | 004c 8954 | 2408 48c7 | 0424 ffff 

  0x0000014beddee03c: ;   {runtime_call counter_overflow Runtime1 stub}
  0x0000014beddee03c: ffff e8bd 

  0x0000014beddee040: ; ImmutableOopMap {[232]=Oop [240]=Oop [248]=Oop [264]=Oop [288]=Oop [568]=Oop }
                      ;*synchronization entry
                      ; - java.lang.Math::ceil@-1 (line 499)
                      ; - sun.java2d.pipe.DrawImage::renderImageXform@276 (line 416)
  0x0000014beddee040: 070e 07e9 | 13e3 ffff 

  0x0000014beddee048: ;   {metadata({method} {0x0000014b851a9878} 'min' '(II)I' in 'java/lang/Math')}
  0x0000014beddee048: 49ba 7098 | 1a85 4b01 | 0000 4c89 | 5424 0848 | c704 24ff 

  0x0000014beddee05c: ;   {runtime_call counter_overflow Runtime1 stub}
  0x0000014beddee05c: ffff ffe8 

  0x0000014beddee060: ; ImmutableOopMap {rsi=Oop [232]=Oop [240]=Oop [248]=Oop [264]=Oop [288]=Oop [568]=Oop }
                      ;*synchronization entry
                      ; - java.lang.Math::min@-1 (line 2115)
                      ; - sun.java2d.pipe.DrawImage::renderImageXform@285 (line 416)
  0x0000014beddee060: 9c07 0e07 | e997 e3ff 

  0x0000014beddee068: ;   {runtime_call throw_null_pointer_exception Runtime1 stub}
  0x0000014beddee068: ffe8 32a5 

  0x0000014beddee06c: ; ImmutableOopMap {r8=Oop rbx=Oop r11=Oop rdi=Oop [232]=Oop [240]=Oop [248]=Oop [264]=Oop [288]=Oop [312]=Oop [568]=Oop }
                      ;*invokevirtual getSourceSurfaceData {reexecute=0 rethrow=0 return_oop=0}
                      ; - sun.java2d.pipe.DrawImage::renderImageXform@321 (line 423)
                      ;   {metadata({method} {0x0000014b86509420} 'getBufferedImage' '(Ljava/awt/Image;)Ljava/awt/image/BufferedImage;' in 'sun/java2d/pipe/DrawImage')}
  0x0000014beddee06c: 0d07 49ba | 1894 5086 | 4b01 0000 | 4c89 5424 | 0848 c704 | 24ff ffff 

  0x0000014beddee084: ;   {runtime_call counter_overflow Runtime1 stub}
  0x0000014beddee084: ffe8 7607 

  0x0000014beddee088: ; ImmutableOopMap {r9=Oop [232]=Oop [248]=Oop [264]=Oop [288]=Oop [312]=Oop [568]=Oop }
                      ;*synchronization entry
                      ; - sun.java2d.pipe.DrawImage::getBufferedImage@-1 (line 840)
                      ; - sun.java2d.pipe.DrawImage::renderImageXform@333 (line 429)
  0x0000014beddee088: 0e07 e9a6 | e5ff ff4c 

  0x0000014beddee090: ;   {runtime_call throw_class_cast_exception Runtime1 stub}
  0x0000014beddee090: 890c 24e8 

  0x0000014beddee094: ; ImmutableOopMap {[232]=Oop [248]=Oop [264]=Oop [288]=Oop [312]=Oop [568]=Oop }
                      ;*checkcast {reexecute=0 rethrow=0 return_oop=0}
                      ; - sun.java2d.pipe.DrawImage::getBufferedImage@8 (line 841)
                      ; - sun.java2d.pipe.DrawImage::renderImageXform@333 (line 429)
  0x0000014beddee094: 08d1 0d07 | 4c89 0c24 

  0x0000014beddee09c: ;   {runtime_call throw_class_cast_exception Runtime1 stub}
  0x0000014beddee09c: e8ff d00d 

  0x0000014beddee0a0: ; ImmutableOopMap {[232]=Oop [248]=Oop [264]=Oop [288]=Oop [312]=Oop [568]=Oop }
                      ;*checkcast {reexecute=0 rethrow=0 return_oop=0}
                      ; - sun.java2d.pipe.DrawImage::getBufferedImage@13 (line 844)
                      ; - sun.java2d.pipe.DrawImage::renderImageXform@333 (line 429)
                      ;   {runtime_call throw_null_pointer_exception Runtime1 stub}
  0x0000014beddee0a0: 07e8 faa4 

  0x0000014beddee0a4: ; ImmutableOopMap {rdx=Oop [232]=Oop [248]=Oop [264]=Oop [288]=Oop [312]=Oop [568]=Oop }
                      ;*invokevirtual getSnapshot {reexecute=0 rethrow=0 return_oop=0}
                      ; - sun.java2d.pipe.DrawImage::getBufferedImage@16 (line 844)
                      ; - sun.java2d.pipe.DrawImage::renderImageXform@333 (line 429)
                      ;   {metadata({method} {0x0000014b86509348} 'isBgOperation' '(Lsun/java2d/SurfaceData;Ljava/awt/Color;)Z' in 'sun/java2d/pipe/DrawImage')}
  0x0000014beddee0a4: 0d07 49ba | 4093 5086 | 4b01 0000 | 4c89 5424 | 0848 c704 | 24ff ffff 

  0x0000014beddee0bc: ;   {runtime_call counter_overflow Runtime1 stub}
  0x0000014beddee0bc: ffe8 3e07 

  0x0000014beddee0c0: ; ImmutableOopMap {rax=Oop r9=Oop [232]=Oop [248]=Oop [264]=Oop [288]=Oop [312]=Oop [568]=Oop }
                      ;*synchronization entry
                      ; - sun.java2d.pipe.DrawImage::isBgOperation@-1 (line 834)
                      ; - sun.java2d.pipe.DrawImage::renderImageXform@362 (line 440)
  0x0000014beddee0c0: 0e07 e9f8 

  0x0000014beddee0c4: ;   {runtime_call throw_null_pointer_exception Runtime1 stub}
  0x0000014beddee0c4: e9ff ffe8 

  0x0000014beddee0c8: ; ImmutableOopMap {rax=Oop [232]=Oop [248]=Oop [264]=Oop [288]=Oop [312]=Oop [336]=Oop [568]=Oop }
                      ;*invokevirtual getTransparency {reexecute=0 rethrow=0 return_oop=0}
                      ; - sun.java2d.pipe.DrawImage::isBgOperation@9 (line 836)
                      ; - sun.java2d.pipe.DrawImage::renderImageXform@362 (line 440)
  0x0000014beddee0c8: d4a4 0d07 

  0x0000014beddee0cc: ;   {metadata({method} {0x0000014b862de808} 'getTransparency' '()I' in 'sun/java2d/SurfaceData')}
  0x0000014beddee0cc: 49ba 00e8 | 2d86 4b01 | 0000 4c89 | 5424 0848 | c704 24ff 

  0x0000014beddee0e0: ;   {runtime_call counter_overflow Runtime1 stub}
  0x0000014beddee0e0: ffff ffe8 

  0x0000014beddee0e4: ; ImmutableOopMap {rax=Oop [232]=Oop [248]=Oop [264]=Oop [288]=Oop [312]=Oop [336]=Oop [568]=Oop }
                      ;*synchronization entry
                      ; - sun.java2d.SurfaceData::getTransparency@-1 (line 938)
                      ; - sun.java2d.pipe.DrawImage::isBgOperation@9 (line 836)
                      ; - sun.java2d.pipe.DrawImage::renderImageXform@362 (line 440)
  0x0000014beddee0e4: 1807 0e07 | e927 ebff 

  0x0000014beddee0ec: ;   {runtime_call throw_null_pointer_exception Runtime1 stub}
  0x0000014beddee0ec: ffe8 aea4 

  0x0000014beddee0f0: ; ImmutableOopMap {rax=Oop rdx=Oop [232]=Oop [248]=Oop [264]=Oop [288]=Oop [312]=Oop [336]=Oop [568]=Oop }
                      ;*invokevirtual getTransparency {reexecute=0 rethrow=0 return_oop=0}
                      ; - sun.java2d.SurfaceData::getTransparency@4 (line 938)
                      ; - sun.java2d.pipe.DrawImage::isBgOperation@9 (line 836)
                      ; - sun.java2d.pipe.DrawImage::renderImageXform@362 (line 440)
                      ;   {runtime_call throw_null_pointer_exception Runtime1 stub}
  0x0000014beddee0f0: 0d07 e8a9 

  0x0000014beddee0f4: ; ImmutableOopMap {rbx=Oop [232]=Oop [248]=Oop [264]=Oop [288]=Oop [312]=Oop [336]=Oop [568]=Oop }
                      ;*invokevirtual getAlpha {reexecute=0 rethrow=0 return_oop=0}
                      ; - sun.java2d.pipe.DrawImage::renderImageXform@370 (line 447)
                      ;   {metadata({method} {0x0000014b865a2298} 'getAlpha' '()I' in 'java/awt/Color')}
  0x0000014beddee0f4: a40d 0749 | ba90 225a | 864b 0100 | 004c 8954 | 2408 48c7 | 0424 ffff 

  0x0000014beddee10c: ;   {runtime_call counter_overflow Runtime1 stub}
  0x0000014beddee10c: ffff e8ed 

  0x0000014beddee110: ; ImmutableOopMap {rbx=Oop [232]=Oop [248]=Oop [264]=Oop [288]=Oop [312]=Oop [336]=Oop [568]=Oop }
                      ;*synchronization entry
                      ; - java.awt.Color::getAlpha@-1 (line 588)
                      ; - sun.java2d.pipe.DrawImage::renderImageXform@370 (line 447)
  0x0000014beddee110: 060e 07e9 | 57ed ffff 

  0x0000014beddee118: ;   {runtime_call throw_null_pointer_exception Runtime1 stub}
  0x0000014beddee118: e883 a40d 

  0x0000014beddee11c: ; ImmutableOopMap {rax=Oop [232]=Oop [248]=Oop [264]=Oop [288]=Oop [312]=Oop [376]=Oop }
                      ;*invokevirtual getSurfaceType {reexecute=0 rethrow=0 return_oop=0}
                      ; - sun.java2d.pipe.DrawImage::renderImageXform@445 (line 463)
                      ;   {metadata({method} {0x0000014b862de808} 'getTransparency' '()I' in 'sun/java2d/SurfaceData')}
  0x0000014beddee11c: 0749 ba00 | e82d 864b | 0100 004c | 8954 2408 | 48c7 0424 | ffff ffff 

  0x0000014beddee134: ;   {runtime_call counter_overflow Runtime1 stub}
  0x0000014beddee134: e8c7 060e 

  0x0000014beddee138: ; ImmutableOopMap {rax=Oop [232]=Oop [248]=Oop [264]=Oop [288]=Oop [312]=Oop [376]=Oop }
                      ;*synchronization entry
                      ; - sun.java2d.SurfaceData::getTransparency@-1 (line 938)
                      ; - sun.java2d.pipe.DrawImage::renderImageXform@464 (line 474)
  0x0000014beddee138: 07e9 23f1 

  0x0000014beddee13c: ;   {runtime_call throw_null_pointer_exception Runtime1 stub}
  0x0000014beddee13c: ffff e85d 

  0x0000014beddee140: ; ImmutableOopMap {rdx=Oop [232]=Oop [248]=Oop [264]=Oop [288]=Oop [312]=Oop [376]=Oop }
                      ;*invokevirtual getTransparency {reexecute=0 rethrow=0 return_oop=0}
                      ; - sun.java2d.SurfaceData::getTransparency@4 (line 938)
                      ; - sun.java2d.pipe.DrawImage::renderImageXform@464 (line 474)
                      ;   {runtime_call throw_null_pointer_exception Runtime1 stub}
  0x0000014beddee140: a40d 07e8 

  0x0000014beddee144: ; ImmutableOopMap {rax=Oop [232]=Oop [264]=Oop [288]=Oop [312]=Oop }
                      ;*invokevirtual getSurfaceType {reexecute=0 rethrow=0 return_oop=0}
                      ; - sun.java2d.pipe.DrawImage::renderImageXform@531 (line 487)
  0x0000014beddee144: 58a4 0d07 

  0x0000014beddee148: ;   {runtime_call throw_null_pointer_exception Runtime1 stub}
  0x0000014beddee148: e853 a40d 

  0x0000014beddee14c: ; ImmutableOopMap {rax=Oop [232]=Oop [264]=Oop [288]=Oop [312]=Oop [400]=Oop [408]=Oop [416]=Oop }
                      ;*invokevirtual getNativePrim {reexecute=0 rethrow=0 return_oop=0}
                      ; - sun.java2d.pipe.DrawImage::renderImageXform@574 (line 506)
  0x0000014beddee14c: 0748 8bd2 

  0x0000014beddee150: ;   {runtime_call fast_new_instance Runtime1 stub}
  0x0000014beddee150: e82b af0d 

  0x0000014beddee154: ; ImmutableOopMap {[232]=Oop [264]=Oop [288]=Oop [312]=Oop [400]=Oop [408]=Oop [416]=Oop }
                      ;*new {reexecute=0 rethrow=0 return_oop=0}
                      ; - sun.java2d.pipe.DrawImage::renderImageXform@637 (line 522)
  0x0000014beddee154: 07e9 11f6 

  0x0000014beddee158: ;   {metadata({method} {0x0000014b862dcd60} 'getPrimarySurfaceData' '(Ljava/awt/Image;)Lsun/java2d/SurfaceData;' in 'sun/java2d/SurfaceData')}
  0x0000014beddee158: ffff 49ba | 58cd 2d86 | 4b01 0000 | 4c89 5424 | 0848 c704 | 24ff ffff 

  0x0000014beddee170: ;   {runtime_call counter_overflow Runtime1 stub}
  0x0000014beddee170: ffe8 8a06 

  0x0000014beddee174: ; ImmutableOopMap {[232]=Oop [264]=Oop [288]=Oop [312]=Oop [400]=Oop [408]=Oop [416]=Oop [440]=Oop }
                      ;*synchronization entry
                      ; - sun.java2d.SurfaceData::getPrimarySurfaceData@-1 (line 275)
                      ; - sun.java2d.pipe.DrawImage::renderImageXform@653 (line 524)
  0x0000014beddee174: 0e07 e96a 

  0x0000014beddee178: ;   {runtime_call throw_null_pointer_exception Runtime1 stub}
  0x0000014beddee178: f6ff ffe8 

  0x0000014beddee17c: ; ImmutableOopMap {rax=Oop [232]=Oop [264]=Oop [288]=Oop [312]=Oop [400]=Oop [408]=Oop [416]=Oop }
                      ;*invokevirtual getPrimarySurfaceData {reexecute=0 rethrow=0 return_oop=0}
                      ; - sun.java2d.SurfaceData::getPrimarySurfaceData@6 (line 276)
                      ; - sun.java2d.pipe.DrawImage::renderImageXform@653 (line 524)
  0x0000014beddee17c: 20a4 0d07 

  0x0000014beddee180: ;   {runtime_call throw_null_pointer_exception Runtime1 stub}
  0x0000014beddee180: e81b a40d 

  0x0000014beddee184: ; ImmutableOopMap {rax=Oop [232]=Oop [264]=Oop [288]=Oop [312]=Oop [400]=Oop [408]=Oop [416]=Oop }
                      ;*invokevirtual getSurfaceType {reexecute=0 rethrow=0 return_oop=0}
                      ; - sun.java2d.pipe.DrawImage::renderImageXform@660 (line 525)
                      ;   {runtime_call new_type_array Runtime1 stub}
  0x0000014beddee184: 07e8 f6b6 

  0x0000014beddee188: ; ImmutableOopMap {r8=Oop [232]=Oop [264]=Oop [288]=Oop [312]=Oop [400]=Oop [408]=Oop [416]=Oop [456]=Oop [464]=Oop }
                      ;*newarray {reexecute=0 rethrow=0 return_oop=0}
                      ; - sun.java2d.pipe.DrawImage::renderImageXform@684 (line 543)
  0x0000014beddee188: 0d07 e933 

  0x0000014beddee18c: ;   {runtime_call throw_null_pointer_exception Runtime1 stub}
  0x0000014beddee18c: f8ff ffe8 

  0x0000014beddee190: ; ImmutableOopMap {r8=Oop rax=Oop rbx=Oop [232]=Oop [264]=Oop [288]=Oop [312]=Oop [400]=Oop [408]=Oop [456]=Oop [464]=Oop }
                      ;*invokevirtual Transform {reexecute=0 rethrow=0 return_oop=0}
                      ; - sun.java2d.pipe.DrawImage::renderImageXform@724 (line 547)
  0x0000014beddee190: 0ca4 0d07 

  0x0000014beddee194: ;   {runtime_call throw_null_pointer_exception Runtime1 stub}
  0x0000014beddee194: e807 a40d 

  0x0000014beddee198: ; ImmutableOopMap {rax=Oop rdi=Oop [312]=Oop [456]=Oop [480]=Oop }
                      ;*invokevirtual Blit {reexecute=0 rethrow=0 return_oop=0}
                      ; - sun.java2d.pipe.DrawImage::renderImageXform@786 (line 561)
                      ;   {internal_word}
  0x0000014beddee198: 0749 bac4 | dcde ed4b | 0100 004d | 8997 6004 

  0x0000014beddee1a8: ;   {runtime_call SafepointBlob}
  0x0000014beddee1a8: 0000 e9d1 

  0x0000014beddee1ac: ;   {runtime_call throw_null_pointer_exception Runtime1 stub}
  0x0000014beddee1ac: 8701 07e8 

  0x0000014beddee1b0: ; ImmutableOopMap {rcx=Oop rsi=Oop rdi=Oop rax=Oop rbx=Oop rdx=Oop r8=Oop [264]=Oop [288]=Oop [312]=Oop }
                      ;*invokevirtual Transform {reexecute=0 rethrow=0 return_oop=0}
                      ; - sun.java2d.pipe.DrawImage::renderImageXform@619 (line 508)
  0x0000014beddee1b0: eca3 0d07 

  0x0000014beddee1b4: ;   {internal_word}
  0x0000014beddee1b4: 49ba e4dd | deed 4b01 | 0000 4d89 | 9760 0400 

  0x0000014beddee1c4: ;   {runtime_call SafepointBlob}
  0x0000014beddee1c4: 00e9 b687 

  0x0000014beddee1c8: ;   {internal_word}
  0x0000014beddee1c8: 0107 49ba | fadd deed | 4b01 0000 | 4d89 9760 

  0x0000014beddee1d8: ;   {runtime_call SafepointBlob}
  0x0000014beddee1d8: 0400 00e9 | a087 0107 

  0x0000014beddee1e0: ;   {internal_word}
  0x0000014beddee1e0: 49ba 10de | deed 4b01 | 0000 4d89 | 9760 0400 

  0x0000014beddee1f0: ;   {runtime_call SafepointBlob}
  0x0000014beddee1f0: 00e9 8a87 

  0x0000014beddee1f4: ;   {internal_word}
  0x0000014beddee1f4: 0107 49ba | 26de deed | 4b01 0000 | 4d89 9760 

  0x0000014beddee204: ;   {runtime_call SafepointBlob}
  0x0000014beddee204: 0400 00e9 | 7487 0107 

  0x0000014beddee20c: ;   {internal_word}
  0x0000014beddee20c: 49ba 57de | deed 4b01 | 0000 4d89 | 9760 0400 

  0x0000014beddee21c: ;   {runtime_call SafepointBlob}
  0x0000014beddee21c: 00e9 5e87 | 0107 498b | 87f8 0400 | 0049 c787 | f804 0000 | 0000 0000 | 49c7 8700 | 0500 0000 
  0x0000014beddee23c: 0000 0048 | 81c4 1002 

  0x0000014beddee244: ;   {runtime_call unwind_exception Runtime1 stub}
  0x0000014beddee244: 0000 5de9 | 3494 0d07 | f4f4 f4f4 
[Stub Code]
  0x0000014beddee250: ;   {no_reloc}
  0x0000014beddee250: 0f1f 4400 

  0x0000014beddee254: ;   {static_stub}
  0x0000014beddee254: 0048 bb00 | 0000 0000 

  0x0000014beddee25c: ;   {runtime_call nmethod}
  0x0000014beddee25c: 0000 00e9 | fbff ffff 

  0x0000014beddee264: ;   {static_stub}
  0x0000014beddee264: 9048 bb00 | 0000 0000 

  0x0000014beddee26c: ;   {runtime_call nmethod}
  0x0000014beddee26c: 0000 00e9 | fbff ffff 

  0x0000014beddee274: ;   {static_stub}
  0x0000014beddee274: 9048 bb00 | 0000 0000 

  0x0000014beddee27c: ;   {runtime_call nmethod}
  0x0000014beddee27c: 0000 00e9 | fbff ffff 

  0x0000014beddee284: ;   {static_stub}
  0x0000014beddee284: 9048 bb00 | 0000 0000 

  0x0000014beddee28c: ;   {runtime_call nmethod}
  0x0000014beddee28c: 0000 00e9 | fbff ffff 

  0x0000014beddee294: ;   {static_stub}
  0x0000014beddee294: 9048 bb00 | 0000 0000 

  0x0000014beddee29c: ;   {runtime_call nmethod}
  0x0000014beddee29c: 0000 00e9 | fbff ffff 

  0x0000014beddee2a4: ;   {static_stub}
  0x0000014beddee2a4: 9048 bb00 | 0000 0000 

  0x0000014beddee2ac: ;   {runtime_call nmethod}
  0x0000014beddee2ac: 0000 00e9 | fbff ffff 

  0x0000014beddee2b4: ;   {static_stub}
  0x0000014beddee2b4: 9048 bb00 | 0000 0000 

  0x0000014beddee2bc: ;   {runtime_call nmethod}
  0x0000014beddee2bc: 0000 00e9 | fbff ffff 

  0x0000014beddee2c4: ;   {static_stub}
  0x0000014beddee2c4: 9048 bb00 | 0000 0000 

  0x0000014beddee2cc: ;   {runtime_call nmethod}
  0x0000014beddee2cc: 0000 00e9 | fbff ffff 

  0x0000014beddee2d4: ;   {static_stub}
  0x0000014beddee2d4: 9048 bb00 | 0000 0000 

  0x0000014beddee2dc: ;   {runtime_call nmethod}
  0x0000014beddee2dc: 0000 00e9 | fbff ffff 

  0x0000014beddee2e4: ;   {static_stub}
  0x0000014beddee2e4: 9048 bb00 | 0000 0000 

  0x0000014beddee2ec: ;   {runtime_call nmethod}
  0x0000014beddee2ec: 0000 00e9 | fbff ffff 

  0x0000014beddee2f4: ;   {static_stub}
  0x0000014beddee2f4: 9048 bb00 | 0000 0000 

  0x0000014beddee2fc: ;   {runtime_call nmethod}
  0x0000014beddee2fc: 0000 00e9 | fbff ffff 

  0x0000014beddee304: ;   {static_stub}
  0x0000014beddee304: 9048 bb00 | 0000 0000 

  0x0000014beddee30c: ;   {runtime_call nmethod}
  0x0000014beddee30c: 0000 00e9 | fbff ffff 

  0x0000014beddee314: ;   {static_stub}
  0x0000014beddee314: 9048 bb00 | 0000 0000 

  0x0000014beddee31c: ;   {runtime_call nmethod}
  0x0000014beddee31c: 0000 00e9 | fbff ffff 

  0x0000014beddee324: ;   {static_stub}
  0x0000014beddee324: 9048 bb00 | 0000 0000 

  0x0000014beddee32c: ;   {runtime_call nmethod}
  0x0000014beddee32c: 0000 00e9 | fbff ffff 

  0x0000014beddee334: ;   {static_stub}
  0x0000014beddee334: 48bb 0000 | 0000 0000 

  0x0000014beddee33c: ;   {runtime_call nmethod}
  0x0000014beddee33c: 0000 e9fb 

  0x0000014beddee340: ;   {static_stub}
  0x0000014beddee340: ffff ff48 | bb00 0000 | 0000 0000 

  0x0000014beddee34c: ;   {runtime_call nmethod}
  0x0000014beddee34c: 00e9 fbff 

  0x0000014beddee350: ;   {static_stub}
  0x0000014beddee350: ffff 48bb | 0000 0000 | 0000 0000 

  0x0000014beddee35c: ;   {runtime_call nmethod}
  0x0000014beddee35c: e9fb ffff 

  0x0000014beddee360: ;   {static_stub}
  0x0000014beddee360: ff48 bb68 | 7e50 864b 

  0x0000014beddee368: ;   {runtime_call I2C/C2I adapters}
  0x0000014beddee368: 0100 00e9 | 9abe 1407 

  0x0000014beddee370: ;   {static_stub}
  0x0000014beddee370: 48bb 0000 | 0000 0000 

  0x0000014beddee378: ;   {runtime_call nmethod}
  0x0000014beddee378: 0000 e9fb 

  0x0000014beddee37c: ;   {static_stub}
  0x0000014beddee37c: ffff ff48 | bb00 0000 | 0000 0000 

  0x0000014beddee388: ;   {runtime_call nmethod}
  0x0000014beddee388: 00e9 fbff 

  0x0000014beddee38c: ;   {static_stub}
  0x0000014beddee38c: ffff 48bb | 0000 0000 | 0000 0000 

  0x0000014beddee398: ;   {runtime_call nmethod}
  0x0000014beddee398: e9fb ffff 

  0x0000014beddee39c: ;   {static_stub}
  0x0000014beddee39c: ff48 bb00 | 0000 0000 

  0x0000014beddee3a4: ;   {runtime_call nmethod}
  0x0000014beddee3a4: 0000 00e9 | fbff ffff 

  0x0000014beddee3ac: ;   {static_stub}
  0x0000014beddee3ac: 48bb 0000 | 0000 0000 

  0x0000014beddee3b4: ;   {runtime_call nmethod}
  0x0000014beddee3b4: 0000 e9fb 

  0x0000014beddee3b8: ;   {static_stub}
  0x0000014beddee3b8: ffff ff48 | bb00 0000 | 0000 0000 

  0x0000014beddee3c4: ;   {runtime_call nmethod}
  0x0000014beddee3c4: 00e9 fbff 

  0x0000014beddee3c8: ;   {static_stub}
  0x0000014beddee3c8: ffff 48bb | 0000 0000 | 0000 0000 

  0x0000014beddee3d4: ;   {runtime_call nmethod}
  0x0000014beddee3d4: e9fb ffff 

  0x0000014beddee3d8: ;   {runtime_call handle_exception_from_callee Runtime1 stub}
  0x0000014beddee3d8: ffe8 a2c7 

  0x0000014beddee3dc: ;   {external_word}
  0x0000014beddee3dc: 0d07 48b9 | 2053 7732 | fa7f 0000 | 4883 e4f0 

  0x0000014beddee3ec: ;   {runtime_call}
  0x0000014beddee3ec: 48b8 90b7 | 3932 fa7f | 0000 ffd0 

  0x0000014beddee3f8: ;   {section_word}
  0x0000014beddee3f8: f449 baf9 | e3de ed4b | 0100 0041 

  0x0000014beddee404: ;   {runtime_call DeoptimizationBlob}
  0x0000014beddee404: 52e9 169a | 0107 f4f4 | f4f4 f4f4 
[/MachCode]


---------------  P R O C E S S  ---------------

Threads class SMR info:
_java_thread_list=0x0000014b94467fd0, length=18, elements={
0x0000014b84634240, 0x0000014b846202a0, 0x0000014b846247a0, 0x0000014b84626200,
0x0000014b8463d0b0, 0x0000014b84626f30, 0x0000014b8462b510, 0x0000014b846565c0,
0x0000014b84831400, 0x0000014b84851a70, 0x0000014b89beaaa0, 0x0000014b896357d0,
0x0000014b89635e30, 0x0000014b8962fc10, 0x0000014be22eca00, 0x0000014b8c2eafd0,
0x0000014b8dab5420, 0x0000014b8dab8210
}

Java Threads: ( => current thread )
  0x0000014b84634240 JavaThread "Reference Handler"          daemon [_thread_blocked, id=11128, stack(0x0000004a6ad00000,0x0000004a6ae00000) (1024K)]
  0x0000014b846202a0 JavaThread "Finalizer"                  daemon [_thread_blocked, id=14168, stack(0x0000004a6ae00000,0x0000004a6af00000) (1024K)]
  0x0000014b846247a0 JavaThread "Signal Dispatcher"          daemon [_thread_blocked, id=21176, stack(0x0000004a6af00000,0x0000004a6b000000) (1024K)]
  0x0000014b84626200 JavaThread "Attach Listener"            daemon [_thread_blocked, id=24328, stack(0x0000004a6b000000,0x0000004a6b100000) (1024K)]
  0x0000014b8463d0b0 JavaThread "Service Thread"             daemon [_thread_blocked, id=21552, stack(0x0000004a6b100000,0x0000004a6b200000) (1024K)]
  0x0000014b84626f30 JavaThread "Monitor Deflation Thread"   daemon [_thread_blocked, id=23820, stack(0x0000004a6b200000,0x0000004a6b300000) (1024K)]
  0x0000014b8462b510 JavaThread "C2 CompilerThread0"         daemon [_thread_blocked, id=25220, stack(0x0000004a6b300000,0x0000004a6b400000) (1024K)]
  0x0000014b846565c0 JavaThread "C1 CompilerThread0"         daemon [_thread_blocked, id=8624, stack(0x0000004a6b400000,0x0000004a6b500000) (1024K)]
  0x0000014b84831400 JavaThread "Notification Thread"        daemon [_thread_blocked, id=21732, stack(0x0000004a6b500000,0x0000004a6b600000) (1024K)]
  0x0000014b84851a70 JavaThread "Common-Cleaner"             daemon [_thread_blocked, id=20496, stack(0x0000004a6b600000,0x0000004a6b700000) (1024K)]
  0x0000014b89beaaa0 JavaThread "Java2D Disposer"            daemon [_thread_blocked, id=16552, stack(0x0000004a6c100000,0x0000004a6c200000) (1024K)]
  0x0000014b896357d0 JavaThread "AWT-Shutdown"                      [_thread_blocked, id=26164, stack(0x0000004a6c200000,0x0000004a6c300000) (1024K)]
  0x0000014b89635e30 JavaThread "AWT-Windows"                daemon [_thread_blocked, id=9160, stack(0x0000004a6c300000,0x0000004a6c400000) (1024K)]
=>0x0000014b8962fc10 JavaThread "AWT-EventQueue-0"                  [_thread_in_vm, id=13836, stack(0x0000004a6c400000,0x0000004a6c500000) (1024K)]
  0x0000014be22eca00 JavaThread "DestroyJavaVM"                     [_thread_blocked, id=12248, stack(0x0000004a6a500000,0x0000004a6a600000) (1024K)]
  0x0000014b8c2eafd0 JavaThread "TimerQueue"                 daemon [_thread_blocked, id=16380, stack(0x0000004a6b800000,0x0000004a6b900000) (1024K)]
  0x0000014b8dab5420 JavaThread "SwingWorker-pool-4-thread-1" daemon [_thread_blocked, id=10860, stack(0x0000004a6c800000,0x0000004a6c900000) (1024K)]
  0x0000014b8dab8210 JavaThread "SwingWorker-pool-4-thread-2" daemon [_thread_blocked, id=16160, stack(0x0000004a6cb00000,0x0000004a6cc00000) (1024K)]
Total: 18

Other Threads:
  0x0000014b84598b30 VMThread "VM Thread"                           [id=12680, stack(0x0000004a6ac00000,0x0000004a6ad00000) (1024K)]
  0x0000014b842f61e0 WatcherThread "VM Periodic Task Thread"        [id=12156, stack(0x0000004a6ab00000,0x0000004a6ac00000) (1024K)]
  0x0000014be460cc40 WorkerThread "GC Thread#0"                     [id=24116, stack(0x0000004a6a600000,0x0000004a6a700000) (1024K)]
  0x0000014b89551c10 WorkerThread "GC Thread#1"                     [id=6892, stack(0x0000004a6b900000,0x0000004a6ba00000) (1024K)]
  0x0000014b89c92e20 WorkerThread "GC Thread#2"                     [id=10212, stack(0x0000004a6ba00000,0x0000004a6bb00000) (1024K)]
  0x0000014b89794eb0 WorkerThread "GC Thread#3"                     [id=22644, stack(0x0000004a6bb00000,0x0000004a6bc00000) (1024K)]
  0x0000014b89ea1cb0 WorkerThread "GC Thread#4"                     [id=13860, stack(0x0000004a6bc00000,0x0000004a6bd00000) (1024K)]
  0x0000014b894a9ec0 WorkerThread "GC Thread#5"                     [id=26132, stack(0x0000004a6bd00000,0x0000004a6be00000) (1024K)]
  0x0000014b895e7390 WorkerThread "GC Thread#6"                     [id=12468, stack(0x0000004a6be00000,0x0000004a6bf00000) (1024K)]
  0x0000014b8a01a7c0 WorkerThread "GC Thread#7"                     [id=10724, stack(0x0000004a6bf00000,0x0000004a6c000000) (1024K)]
  0x0000014be461d8b0 ConcurrentGCThread "G1 Main Marker"            [id=22988, stack(0x0000004a6a700000,0x0000004a6a800000) (1024K)]
  0x0000014be461e3b0 WorkerThread "G1 Conc#0"                       [id=3868, stack(0x0000004a6a800000,0x0000004a6a900000) (1024K)]
  0x0000014b89993e10 WorkerThread "G1 Conc#1"                       [id=25584, stack(0x0000004a6c000000,0x0000004a6c100000) (1024K)]
  0x0000014b841c6480 ConcurrentGCThread "G1 Refine#0"               [id=10680, stack(0x0000004a6a900000,0x0000004a6aa00000) (1024K)]
  0x0000014b841c6ff0 ConcurrentGCThread "G1 Service"                [id=12148, stack(0x0000004a6aa00000,0x0000004a6ab00000) (1024K)]
Total: 15

Threads with active compile tasks:
Total: 0

VM state: not at safepoint (normal execution)

VM Mutex/Monitor currently owned by a thread:  ([mutex/lock_event])
[0x00007ffa32a2d670] Heap_lock - owner thread: 0x0000014b8962fc10

Heap address: 0x0000000703600000, size: 4042 MB, Compressed Oops mode: Zero based, Oop shift amount: 3

CDS archive(s) not mapped
Compressed class space mapped at: 0x0000000800000000-0x0000000840000000, reserved size: 1073741824
Narrow klass base: 0x0000000800000000, Narrow klass shift: 0, Narrow klass range: 0x40000000

GC Precious Log:
 CardTable entry size: 512
 Card Set container configuration: InlinePtr #cards 4 size 8 Array Of Cards #cards 16 size 48 Howl #buckets 8 coarsen threshold 3686 Howl Bitmap #cards 512 size 80 coarsen threshold 460 Card regions per heap region 1 cards per card region 4096
 CPUs: 8 total, 8 available
 Memory: 16167M
 Large Page Support: Disabled
 NUMA Support: Disabled
 Compressed Oops: Enabled (Zero based)
 Heap Region Size: 2M
 Heap Min Capacity: 8M
 Heap Initial Capacity: 254M
 Heap Max Capacity: 4042M
 Pre-touch: Disabled
 Parallel Workers: 8
 Concurrent Workers: 2
 Concurrent Refinement Workers: 8
 Periodic GC: Disabled

Heap:
 garbage-first heap   total 1175552K, used 1151903K [0x0000000703600000, 0x0000000800000000)
  region size 2048K, 25 young (51200K), 4 survivors (8192K)
 Metaspace       used 103243K, committed 104832K, reserved 1179648K
  class space    used 11438K, committed 12160K, reserved 1048576K

Heap Regions: E=young(eden), S=young(survivor), O=old, HS=humongous(starts), HC=humongous(continues), CS=collection set, F=free, TAMS=top-at-mark-start, PB=parsable bottom
|   0|0x0000000703600000, 0x0000000703800000, 0x0000000703800000|100%|HS|  |TAMS 0x0000000703600000| PB 0x0000000703600000| Complete 
|   1|0x0000000703800000, 0x0000000703a00000, 0x0000000703a00000|100%|HC|  |TAMS 0x0000000703800000| PB 0x0000000703800000| Complete 
|   2|0x0000000703a00000, 0x0000000703c00000, 0x0000000703c00000|100%|HC|  |TAMS 0x0000000703a00000| PB 0x0000000703a00000| Complete 
|   3|0x0000000703c00000, 0x0000000703e00000, 0x0000000703e00000|100%|HC|  |TAMS 0x0000000703c00000| PB 0x0000000703c00000| Complete 
|   4|0x0000000703e00000, 0x0000000704000000, 0x0000000704000000|100%| O|  |TAMS 0x0000000703e00000| PB 0x0000000703e00000| Untracked 
|   5|0x0000000704000000, 0x0000000704200000, 0x0000000704200000|100%| O|  |TAMS 0x0000000704000000| PB 0x0000000704000000| Untracked 
|   6|0x0000000704200000, 0x0000000704400000, 0x0000000704400000|100%| O|  |TAMS 0x0000000704200000| PB 0x0000000704200000| Untracked 
|   7|0x0000000704400000, 0x0000000704600000, 0x0000000704600000|100%| O|  |TAMS 0x0000000704400000| PB 0x0000000704400000| Untracked 
|   8|0x0000000704600000, 0x0000000704800000, 0x0000000704800000|100%| O|  |TAMS 0x0000000704600000| PB 0x0000000704600000| Untracked 
|   9|0x0000000704800000, 0x0000000704a00000, 0x0000000704a00000|100%| O|  |TAMS 0x0000000704800000| PB 0x0000000704800000| Untracked 
|  10|0x0000000704a00000, 0x0000000704c00000, 0x0000000704c00000|100%| O|  |TAMS 0x0000000704a00000| PB 0x0000000704a00000| Untracked 
|  11|0x0000000704c00000, 0x0000000704e00000, 0x0000000704e00000|100%| O|  |TAMS 0x0000000704c00000| PB 0x0000000704c00000| Untracked 
|  12|0x0000000704e00000, 0x0000000704f2d0f0, 0x0000000705000000| 58%| O|  |TAMS 0x0000000704e00000| PB 0x0000000704e00000| Untracked 
|  13|0x0000000705000000, 0x0000000705200000, 0x0000000705200000|100%| O|  |TAMS 0x0000000705000000| PB 0x0000000705000000| Untracked 
|  14|0x0000000705200000, 0x0000000705400000, 0x0000000705400000|100%| O|  |TAMS 0x0000000705200000| PB 0x0000000705200000| Untracked 
|  15|0x0000000705400000, 0x0000000705600000, 0x0000000705600000|100%| O|  |TAMS 0x0000000705400000| PB 0x0000000705400000| Untracked 
|  16|0x0000000705600000, 0x0000000705800000, 0x0000000705800000|100%| O|  |TAMS 0x0000000705600000| PB 0x0000000705600000| Untracked 
|  17|0x0000000705800000, 0x0000000705a00000, 0x0000000705a00000|100%|HS|  |TAMS 0x0000000705800000| PB 0x0000000705800000| Complete 
|  18|0x0000000705a00000, 0x0000000705c00000, 0x0000000705c00000|100%| O|  |TAMS 0x0000000705a00000| PB 0x0000000705a00000| Untracked 
|  19|0x0000000705c00000, 0x0000000705e00000, 0x0000000705e00000|100%| O|  |TAMS 0x0000000705c00000| PB 0x0000000705c00000| Untracked 
|  20|0x0000000705e00000, 0x0000000706000000, 0x0000000706000000|100%| O|  |TAMS 0x0000000705e00000| PB 0x0000000705e00000| Untracked 
|  21|0x0000000706000000, 0x0000000706200000, 0x0000000706200000|100%|HS|  |TAMS 0x0000000706000000| PB 0x0000000706000000| Complete 
|  22|0x0000000706200000, 0x0000000706400000, 0x0000000706400000|100%| O|Cm|TAMS 0x0000000706200000| PB 0x0000000706200000| Complete 
|  23|0x0000000706400000, 0x0000000706600000, 0x0000000706600000|100%|HS|  |TAMS 0x0000000706400000| PB 0x0000000706400000| Complete 
|  24|0x0000000706600000, 0x0000000706800000, 0x0000000706800000|100%|HC|  |TAMS 0x0000000706600000| PB 0x0000000706600000| Complete 
|  25|0x0000000706800000, 0x0000000706a00000, 0x0000000706a00000|100%| O|  |TAMS 0x0000000706800000| PB 0x0000000706800000| Untracked 
|  26|0x0000000706a00000, 0x0000000706c00000, 0x0000000706c00000|100%|HS|  |TAMS 0x0000000706a00000| PB 0x0000000706a00000| Complete 
|  27|0x0000000706c00000, 0x0000000706e00000, 0x0000000706e00000|100%|HC|  |TAMS 0x0000000706c00000| PB 0x0000000706c00000| Complete 
|  28|0x0000000706e00000, 0x0000000707000000, 0x0000000707000000|100%|HS|  |TAMS 0x0000000706e00000| PB 0x0000000706e00000| Complete 
|  29|0x0000000707000000, 0x0000000707200000, 0x0000000707200000|100%|HC|  |TAMS 0x0000000707000000| PB 0x0000000707000000| Complete 
|  30|0x0000000707200000, 0x0000000707400000, 0x0000000707400000|100%|HS|  |TAMS 0x0000000707200000| PB 0x0000000707200000| Complete 
|  31|0x0000000707400000, 0x0000000707600000, 0x0000000707600000|100%|HC|  |TAMS 0x0000000707400000| PB 0x0000000707400000| Complete 
|  32|0x0000000707600000, 0x0000000707800000, 0x0000000707800000|100%|HS|  |TAMS 0x0000000707600000| PB 0x0000000707600000| Complete 
|  33|0x0000000707800000, 0x0000000707a00000, 0x0000000707a00000|100%|HC|  |TAMS 0x0000000707800000| PB 0x0000000707800000| Complete 
|  34|0x0000000707a00000, 0x0000000707c00000, 0x0000000707c00000|100%|HS|  |TAMS 0x0000000707a00000| PB 0x0000000707a00000| Complete 
|  35|0x0000000707c00000, 0x0000000707e00000, 0x0000000707e00000|100%|HC|  |TAMS 0x0000000707c00000| PB 0x0000000707c00000| Complete 
|  36|0x0000000707e00000, 0x0000000708000000, 0x0000000708000000|100%|HS|  |TAMS 0x0000000707e00000| PB 0x0000000707e00000| Complete 
|  37|0x0000000708000000, 0x0000000708200000, 0x0000000708200000|100%|HC|  |TAMS 0x0000000708000000| PB 0x0000000708000000| Complete 
|  38|0x0000000708200000, 0x0000000708400000, 0x0000000708400000|100%|HS|  |TAMS 0x0000000708200000| PB 0x0000000708200000| Complete 
|  39|0x0000000708400000, 0x0000000708600000, 0x0000000708600000|100%|HC|  |TAMS 0x0000000708400000| PB 0x0000000708400000| Complete 
|  40|0x0000000708600000, 0x0000000708800000, 0x0000000708800000|100%| O|  |TAMS 0x0000000708600000| PB 0x0000000708600000| Untracked 
|  41|0x0000000708800000, 0x0000000708a00000, 0x0000000708a00000|100%|HS|  |TAMS 0x0000000708800000| PB 0x0000000708800000| Complete 
|  42|0x0000000708a00000, 0x0000000708c00000, 0x0000000708c00000|100%|HC|  |TAMS 0x0000000708a00000| PB 0x0000000708a00000| Complete 
|  43|0x0000000708c00000, 0x0000000708e00000, 0x0000000708e00000|100%| O|  |TAMS 0x0000000708c00000| PB 0x0000000708c00000| Untracked 
|  44|0x0000000708e00000, 0x0000000709000000, 0x0000000709000000|100%|HS|  |TAMS 0x0000000708e00000| PB 0x0000000708e00000| Complete 
|  45|0x0000000709000000, 0x0000000709200000, 0x0000000709200000|100%|HC|  |TAMS 0x0000000709000000| PB 0x0000000709000000| Complete 
|  46|0x0000000709200000, 0x0000000709400000, 0x0000000709400000|100%| O|  |TAMS 0x0000000709200000| PB 0x0000000709200000| Untracked 
|  47|0x0000000709400000, 0x0000000709600000, 0x0000000709600000|100%| O|  |TAMS 0x0000000709400000| PB 0x0000000709400000| Untracked 
|  48|0x0000000709600000, 0x0000000709800000, 0x0000000709800000|100%| O|  |TAMS 0x0000000709600000| PB 0x0000000709600000| Untracked 
|  49|0x0000000709800000, 0x0000000709a00000, 0x0000000709a00000|100%| O|  |TAMS 0x0000000709800000| PB 0x0000000709800000| Untracked 
|  50|0x0000000709a00000, 0x0000000709c00000, 0x0000000709c00000|100%| O|  |TAMS 0x0000000709a00000| PB 0x0000000709a00000| Untracked 
|  51|0x0000000709c00000, 0x0000000709e00000, 0x0000000709e00000|100%| O|  |TAMS 0x0000000709c00000| PB 0x0000000709c00000| Untracked 
|  52|0x0000000709e00000, 0x000000070a000000, 0x000000070a000000|100%|HS|  |TAMS 0x0000000709e00000| PB 0x0000000709e00000| Complete 
|  53|0x000000070a000000, 0x000000070a200000, 0x000000070a200000|100%|HC|  |TAMS 0x000000070a000000| PB 0x000000070a000000| Complete 
|  54|0x000000070a200000, 0x000000070a400000, 0x000000070a400000|100%|HC|  |TAMS 0x000000070a200000| PB 0x000000070a200000| Complete 
|  55|0x000000070a400000, 0x000000070a600000, 0x000000070a600000|100%| O|  |TAMS 0x000000070a400000| PB 0x000000070a400000| Untracked 
|  56|0x000000070a600000, 0x000000070a800000, 0x000000070a800000|100%| O|  |TAMS 0x000000070a600000| PB 0x000000070a600000| Untracked 
|  57|0x000000070a800000, 0x000000070aa00000, 0x000000070aa00000|100%| O|  |TAMS 0x000000070a800000| PB 0x000000070a800000| Untracked 
|  58|0x000000070aa00000, 0x000000070ac00000, 0x000000070ac00000|100%| O|  |TAMS 0x000000070aa00000| PB 0x000000070aa00000| Untracked 
|  59|0x000000070ac00000, 0x000000070ae00000, 0x000000070ae00000|100%| O|  |TAMS 0x000000070ac00000| PB 0x000000070ac00000| Untracked 
|  60|0x000000070ae00000, 0x000000070b000000, 0x000000070b000000|100%| O|  |TAMS 0x000000070ae00000| PB 0x000000070ae00000| Untracked 
|  61|0x000000070b000000, 0x000000070b200000, 0x000000070b200000|100%| O|  |TAMS 0x000000070b000000| PB 0x000000070b000000| Untracked 
|  62|0x000000070b200000, 0x000000070b400000, 0x000000070b400000|100%| O|  |TAMS 0x000000070b200000| PB 0x000000070b200000| Untracked 
|  63|0x000000070b400000, 0x000000070b600000, 0x000000070b600000|100%| O|  |TAMS 0x000000070b400000| PB 0x000000070b400000| Untracked 
|  64|0x000000070b600000, 0x000000070b800000, 0x000000070b800000|100%| O|  |TAMS 0x000000070b600000| PB 0x000000070b600000| Untracked 
|  65|0x000000070b800000, 0x000000070ba00000, 0x000000070ba00000|100%| O|  |TAMS 0x000000070b800000| PB 0x000000070b800000| Untracked 
|  66|0x000000070ba00000, 0x000000070bc00000, 0x000000070bc00000|100%| O|  |TAMS 0x000000070ba00000| PB 0x000000070ba00000| Untracked 
|  67|0x000000070bc00000, 0x000000070be00000, 0x000000070be00000|100%| O|  |TAMS 0x000000070bc00000| PB 0x000000070bc00000| Untracked 
|  68|0x000000070be00000, 0x000000070c000000, 0x000000070c000000|100%| O|  |TAMS 0x000000070be00000| PB 0x000000070be00000| Untracked 
|  69|0x000000070c000000, 0x000000070c200000, 0x000000070c200000|100%| O|  |TAMS 0x000000070c000000| PB 0x000000070c000000| Untracked 
|  70|0x000000070c200000, 0x000000070c400000, 0x000000070c400000|100%| O|  |TAMS 0x000000070c200000| PB 0x000000070c200000| Untracked 
|  71|0x000000070c400000, 0x000000070c600000, 0x000000070c600000|100%| O|  |TAMS 0x000000070c400000| PB 0x000000070c400000| Untracked 
|  72|0x000000070c600000, 0x000000070c800000, 0x000000070c800000|100%| O|  |TAMS 0x000000070c600000| PB 0x000000070c600000| Untracked 
|  73|0x000000070c800000, 0x000000070ca00000, 0x000000070ca00000|100%| O|  |TAMS 0x000000070c800000| PB 0x000000070c800000| Untracked 
|  74|0x000000070ca00000, 0x000000070cc00000, 0x000000070cc00000|100%|HS|  |TAMS 0x000000070ca00000| PB 0x000000070ca00000| Complete 
|  75|0x000000070cc00000, 0x000000070ce00000, 0x000000070ce00000|100%|HC|  |TAMS 0x000000070cc00000| PB 0x000000070cc00000| Complete 
|  76|0x000000070ce00000, 0x000000070d000000, 0x000000070d000000|100%|HC|  |TAMS 0x000000070ce00000| PB 0x000000070ce00000| Complete 
|  77|0x000000070d000000, 0x000000070d200000, 0x000000070d200000|100%|HC|  |TAMS 0x000000070d000000| PB 0x000000070d000000| Complete 
|  78|0x000000070d200000, 0x000000070d200000, 0x000000070d400000|  0%| F|  |TAMS 0x000000070d200000| PB 0x000000070d200000| Untracked 
|  79|0x000000070d400000, 0x000000070d400000, 0x000000070d600000|  0%| F|  |TAMS 0x000000070d400000| PB 0x000000070d400000| Untracked 
|  80|0x000000070d600000, 0x000000070d600000, 0x000000070d800000|  0%| F|  |TAMS 0x000000070d600000| PB 0x000000070d600000| Untracked 
|  81|0x000000070d800000, 0x000000070d9bae00, 0x000000070da00000| 86%| S|CS|TAMS 0x000000070d800000| PB 0x000000070d800000| Complete 
|  82|0x000000070da00000, 0x000000070dc00000, 0x000000070dc00000|100%| S|CS|TAMS 0x000000070da00000| PB 0x000000070da00000| Complete 
|  83|0x000000070dc00000, 0x000000070dc00000, 0x000000070de00000|  0%| F|  |TAMS 0x000000070dc00000| PB 0x000000070dc00000| Untracked 
|  84|0x000000070de00000, 0x000000070e000000, 0x000000070e000000|100%| S|CS|TAMS 0x000000070de00000| PB 0x000000070de00000| Complete 
|  85|0x000000070e000000, 0x000000070e000000, 0x000000070e200000|  0%| F|  |TAMS 0x000000070e000000| PB 0x000000070e000000| Untracked 
|  86|0x000000070e200000, 0x000000070e200000, 0x000000070e400000|  0%| F|  |TAMS 0x000000070e200000| PB 0x000000070e200000| Untracked 
|  87|0x000000070e400000, 0x000000070e400000, 0x000000070e600000|  0%| F|  |TAMS 0x000000070e400000| PB 0x000000070e400000| Untracked 
|  88|0x000000070e600000, 0x000000070e800000, 0x000000070e800000|100%| S|CS|TAMS 0x000000070e600000| PB 0x000000070e600000| Complete 
|  89|0x000000070e800000, 0x000000070ea00000, 0x000000070ea00000|100%|HS|  |TAMS 0x000000070e800000| PB 0x000000070e800000| Complete 
|  90|0x000000070ea00000, 0x000000070ec00000, 0x000000070ec00000|100%|HC|  |TAMS 0x000000070ea00000| PB 0x000000070ea00000| Complete 
|  91|0x000000070ec00000, 0x000000070ee00000, 0x000000070ee00000|100%|HC|  |TAMS 0x000000070ec00000| PB 0x000000070ec00000| Complete 
|  92|0x000000070ee00000, 0x000000070f000000, 0x000000070f000000|100%|HC|  |TAMS 0x000000070ee00000| PB 0x000000070ee00000| Complete 
|  93|0x000000070f000000, 0x000000070f200000, 0x000000070f200000|100%|HS|  |TAMS 0x000000070f000000| PB 0x000000070f000000| Complete 
|  94|0x000000070f200000, 0x000000070f400000, 0x000000070f400000|100%|HC|  |TAMS 0x000000070f200000| PB 0x000000070f200000| Complete 
|  95|0x000000070f400000, 0x000000070f600000, 0x000000070f600000|100%|HC|  |TAMS 0x000000070f400000| PB 0x000000070f400000| Complete 
|  96|0x000000070f600000, 0x000000070f800000, 0x000000070f800000|100%|HC|  |TAMS 0x000000070f600000| PB 0x000000070f600000| Complete 
|  97|0x000000070f800000, 0x000000070fa00000, 0x000000070fa00000|100%|HS|  |TAMS 0x000000070f800000| PB 0x000000070f800000| Complete 
|  98|0x000000070fa00000, 0x000000070fc00000, 0x000000070fc00000|100%|HC|  |TAMS 0x000000070fa00000| PB 0x000000070fa00000| Complete 
|  99|0x000000070fc00000, 0x000000070fe00000, 0x000000070fe00000|100%|HC|  |TAMS 0x000000070fc00000| PB 0x000000070fc00000| Complete 
| 100|0x000000070fe00000, 0x0000000710000000, 0x0000000710000000|100%|HC|  |TAMS 0x000000070fe00000| PB 0x000000070fe00000| Complete 
| 101|0x0000000710000000, 0x0000000710200000, 0x0000000710200000|100%|HS|  |TAMS 0x0000000710000000| PB 0x0000000710000000| Complete 
| 102|0x0000000710200000, 0x0000000710400000, 0x0000000710400000|100%|HC|  |TAMS 0x0000000710200000| PB 0x0000000710200000| Complete 
| 103|0x0000000710400000, 0x0000000710600000, 0x0000000710600000|100%|HC|  |TAMS 0x0000000710400000| PB 0x0000000710400000| Complete 
| 104|0x0000000710600000, 0x0000000710800000, 0x0000000710800000|100%|HC|  |TAMS 0x0000000710600000| PB 0x0000000710600000| Complete 
| 105|0x0000000710800000, 0x0000000710a00000, 0x0000000710a00000|100%|HS|  |TAMS 0x0000000710800000| PB 0x0000000710800000| Complete 
| 106|0x0000000710a00000, 0x0000000710c00000, 0x0000000710c00000|100%|HC|  |TAMS 0x0000000710a00000| PB 0x0000000710a00000| Complete 
| 107|0x0000000710c00000, 0x0000000710e00000, 0x0000000710e00000|100%|HC|  |TAMS 0x0000000710c00000| PB 0x0000000710c00000| Complete 
| 108|0x0000000710e00000, 0x0000000711000000, 0x0000000711000000|100%|HC|  |TAMS 0x0000000710e00000| PB 0x0000000710e00000| Complete 
| 109|0x0000000711000000, 0x0000000711200000, 0x0000000711200000|100%|HS|  |TAMS 0x0000000711000000| PB 0x0000000711000000| Complete 
| 110|0x0000000711200000, 0x0000000711400000, 0x0000000711400000|100%|HC|  |TAMS 0x0000000711200000| PB 0x0000000711200000| Complete 
| 111|0x0000000711400000, 0x0000000711600000, 0x0000000711600000|100%|HC|  |TAMS 0x0000000711400000| PB 0x0000000711400000| Complete 
| 112|0x0000000711600000, 0x0000000711800000, 0x0000000711800000|100%|HC|  |TAMS 0x0000000711600000| PB 0x0000000711600000| Complete 
| 113|0x0000000711800000, 0x0000000711a00000, 0x0000000711a00000|100%|HS|  |TAMS 0x0000000711800000| PB 0x0000000711800000| Complete 
| 114|0x0000000711a00000, 0x0000000711c00000, 0x0000000711c00000|100%|HC|  |TAMS 0x0000000711a00000| PB 0x0000000711a00000| Complete 
| 115|0x0000000711c00000, 0x0000000711e00000, 0x0000000711e00000|100%|HC|  |TAMS 0x0000000711c00000| PB 0x0000000711c00000| Complete 
| 116|0x0000000711e00000, 0x0000000712000000, 0x0000000712000000|100%|HC|  |TAMS 0x0000000711e00000| PB 0x0000000711e00000| Complete 
| 117|0x0000000712000000, 0x0000000712200000, 0x0000000712200000|100%|HS|  |TAMS 0x0000000712000000| PB 0x0000000712000000| Complete 
| 118|0x0000000712200000, 0x0000000712400000, 0x0000000712400000|100%|HC|  |TAMS 0x0000000712200000| PB 0x0000000712200000| Complete 
| 119|0x0000000712400000, 0x0000000712600000, 0x0000000712600000|100%|HC|  |TAMS 0x0000000712400000| PB 0x0000000712400000| Complete 
| 120|0x0000000712600000, 0x0000000712800000, 0x0000000712800000|100%|HC|  |TAMS 0x0000000712600000| PB 0x0000000712600000| Complete 
| 121|0x0000000712800000, 0x0000000712a00000, 0x0000000712a00000|100%|HS|  |TAMS 0x0000000712800000| PB 0x0000000712800000| Complete 
| 122|0x0000000712a00000, 0x0000000712c00000, 0x0000000712c00000|100%|HC|  |TAMS 0x0000000712a00000| PB 0x0000000712a00000| Complete 
| 123|0x0000000712c00000, 0x0000000712e00000, 0x0000000712e00000|100%|HC|  |TAMS 0x0000000712c00000| PB 0x0000000712c00000| Complete 
| 124|0x0000000712e00000, 0x0000000713000000, 0x0000000713000000|100%|HC|  |TAMS 0x0000000712e00000| PB 0x0000000712e00000| Complete 
| 125|0x0000000713000000, 0x0000000713200000, 0x0000000713200000|100%|HS|  |TAMS 0x0000000713000000| PB 0x0000000713000000| Complete 
| 126|0x0000000713200000, 0x0000000713400000, 0x0000000713400000|100%|HC|  |TAMS 0x0000000713200000| PB 0x0000000713200000| Complete 
| 127|0x0000000713400000, 0x0000000713600000, 0x0000000713600000|100%|HC|  |TAMS 0x0000000713400000| PB 0x0000000713400000| Complete 
| 128|0x0000000713600000, 0x0000000713800000, 0x0000000713800000|100%|HC|  |TAMS 0x0000000713600000| PB 0x0000000713600000| Complete 
| 129|0x0000000713800000, 0x0000000713a00000, 0x0000000713a00000|100%|HS|  |TAMS 0x0000000713800000| PB 0x0000000713800000| Complete 
| 130|0x0000000713a00000, 0x0000000713c00000, 0x0000000713c00000|100%|HC|  |TAMS 0x0000000713a00000| PB 0x0000000713a00000| Complete 
| 131|0x0000000713c00000, 0x0000000713e00000, 0x0000000713e00000|100%|HC|  |TAMS 0x0000000713c00000| PB 0x0000000713c00000| Complete 
| 132|0x0000000713e00000, 0x0000000714000000, 0x0000000714000000|100%|HC|  |TAMS 0x0000000713e00000| PB 0x0000000713e00000| Complete 
| 133|0x0000000714000000, 0x0000000714200000, 0x0000000714200000|100%|HS|  |TAMS 0x0000000714000000| PB 0x0000000714000000| Complete 
| 134|0x0000000714200000, 0x0000000714400000, 0x0000000714400000|100%|HC|  |TAMS 0x0000000714200000| PB 0x0000000714200000| Complete 
| 135|0x0000000714400000, 0x0000000714600000, 0x0000000714600000|100%|HC|  |TAMS 0x0000000714400000| PB 0x0000000714400000| Complete 
| 136|0x0000000714600000, 0x0000000714800000, 0x0000000714800000|100%|HC|  |TAMS 0x0000000714600000| PB 0x0000000714600000| Complete 
| 137|0x0000000714800000, 0x0000000714a00000, 0x0000000714a00000|100%|HS|  |TAMS 0x0000000714800000| PB 0x0000000714800000| Complete 
| 138|0x0000000714a00000, 0x0000000714c00000, 0x0000000714c00000|100%|HC|  |TAMS 0x0000000714a00000| PB 0x0000000714a00000| Complete 
| 139|0x0000000714c00000, 0x0000000714e00000, 0x0000000714e00000|100%|HC|  |TAMS 0x0000000714c00000| PB 0x0000000714c00000| Complete 
| 140|0x0000000714e00000, 0x0000000715000000, 0x0000000715000000|100%|HC|  |TAMS 0x0000000714e00000| PB 0x0000000714e00000| Complete 
| 141|0x0000000715000000, 0x0000000715200000, 0x0000000715200000|100%|HS|  |TAMS 0x0000000715000000| PB 0x0000000715000000| Complete 
| 142|0x0000000715200000, 0x0000000715400000, 0x0000000715400000|100%|HC|  |TAMS 0x0000000715200000| PB 0x0000000715200000| Complete 
| 143|0x0000000715400000, 0x0000000715600000, 0x0000000715600000|100%|HC|  |TAMS 0x0000000715400000| PB 0x0000000715400000| Complete 
| 144|0x0000000715600000, 0x0000000715800000, 0x0000000715800000|100%|HC|  |TAMS 0x0000000715600000| PB 0x0000000715600000| Complete 
| 145|0x0000000715800000, 0x0000000715a00000, 0x0000000715a00000|100%|HS|  |TAMS 0x0000000715800000| PB 0x0000000715800000| Complete 
| 146|0x0000000715a00000, 0x0000000715c00000, 0x0000000715c00000|100%|HC|  |TAMS 0x0000000715a00000| PB 0x0000000715a00000| Complete 
| 147|0x0000000715c00000, 0x0000000715e00000, 0x0000000715e00000|100%|HC|  |TAMS 0x0000000715c00000| PB 0x0000000715c00000| Complete 
| 148|0x0000000715e00000, 0x0000000716000000, 0x0000000716000000|100%|HC|  |TAMS 0x0000000715e00000| PB 0x0000000715e00000| Complete 
| 149|0x0000000716000000, 0x0000000716200000, 0x0000000716200000|100%|HS|  |TAMS 0x0000000716000000| PB 0x0000000716000000| Complete 
| 150|0x0000000716200000, 0x0000000716400000, 0x0000000716400000|100%|HC|  |TAMS 0x0000000716200000| PB 0x0000000716200000| Complete 
| 151|0x0000000716400000, 0x0000000716600000, 0x0000000716600000|100%|HC|  |TAMS 0x0000000716400000| PB 0x0000000716400000| Complete 
| 152|0x0000000716600000, 0x0000000716800000, 0x0000000716800000|100%|HC|  |TAMS 0x0000000716600000| PB 0x0000000716600000| Complete 
| 153|0x0000000716800000, 0x0000000716a00000, 0x0000000716a00000|100%|HS|  |TAMS 0x0000000716800000| PB 0x0000000716800000| Complete 
| 154|0x0000000716a00000, 0x0000000716c00000, 0x0000000716c00000|100%|HC|  |TAMS 0x0000000716a00000| PB 0x0000000716a00000| Complete 
| 155|0x0000000716c00000, 0x0000000716e00000, 0x0000000716e00000|100%|HC|  |TAMS 0x0000000716c00000| PB 0x0000000716c00000| Complete 
| 156|0x0000000716e00000, 0x0000000717000000, 0x0000000717000000|100%|HC|  |TAMS 0x0000000716e00000| PB 0x0000000716e00000| Complete 
| 157|0x0000000717000000, 0x0000000717200000, 0x0000000717200000|100%|HS|  |TAMS 0x0000000717000000| PB 0x0000000717000000| Complete 
| 158|0x0000000717200000, 0x0000000717400000, 0x0000000717400000|100%|HC|  |TAMS 0x0000000717200000| PB 0x0000000717200000| Complete 
| 159|0x0000000717400000, 0x0000000717600000, 0x0000000717600000|100%|HC|  |TAMS 0x0000000717400000| PB 0x0000000717400000| Complete 
| 160|0x0000000717600000, 0x0000000717800000, 0x0000000717800000|100%|HC|  |TAMS 0x0000000717600000| PB 0x0000000717600000| Complete 
| 161|0x0000000717800000, 0x0000000717a00000, 0x0000000717a00000|100%|HS|  |TAMS 0x0000000717800000| PB 0x0000000717800000| Complete 
| 162|0x0000000717a00000, 0x0000000717c00000, 0x0000000717c00000|100%|HC|  |TAMS 0x0000000717a00000| PB 0x0000000717a00000| Complete 
| 163|0x0000000717c00000, 0x0000000717e00000, 0x0000000717e00000|100%|HC|  |TAMS 0x0000000717c00000| PB 0x0000000717c00000| Complete 
| 164|0x0000000717e00000, 0x0000000718000000, 0x0000000718000000|100%|HC|  |TAMS 0x0000000717e00000| PB 0x0000000717e00000| Complete 
| 165|0x0000000718000000, 0x0000000718200000, 0x0000000718200000|100%|HS|  |TAMS 0x0000000718000000| PB 0x0000000718000000| Complete 
| 166|0x0000000718200000, 0x0000000718400000, 0x0000000718400000|100%|HC|  |TAMS 0x0000000718200000| PB 0x0000000718200000| Complete 
| 167|0x0000000718400000, 0x0000000718600000, 0x0000000718600000|100%|HC|  |TAMS 0x0000000718400000| PB 0x0000000718400000| Complete 
| 168|0x0000000718600000, 0x0000000718800000, 0x0000000718800000|100%|HC|  |TAMS 0x0000000718600000| PB 0x0000000718600000| Complete 
| 169|0x0000000718800000, 0x0000000718a00000, 0x0000000718a00000|100%|HS|  |TAMS 0x0000000718800000| PB 0x0000000718800000| Complete 
| 170|0x0000000718a00000, 0x0000000718c00000, 0x0000000718c00000|100%|HC|  |TAMS 0x0000000718a00000| PB 0x0000000718a00000| Complete 
| 171|0x0000000718c00000, 0x0000000718e00000, 0x0000000718e00000|100%|HC|  |TAMS 0x0000000718c00000| PB 0x0000000718c00000| Complete 
| 172|0x0000000718e00000, 0x0000000719000000, 0x0000000719000000|100%|HC|  |TAMS 0x0000000718e00000| PB 0x0000000718e00000| Complete 
| 173|0x0000000719000000, 0x0000000719200000, 0x0000000719200000|100%|HS|  |TAMS 0x0000000719000000| PB 0x0000000719000000| Complete 
| 174|0x0000000719200000, 0x0000000719400000, 0x0000000719400000|100%|HC|  |TAMS 0x0000000719200000| PB 0x0000000719200000| Complete 
| 175|0x0000000719400000, 0x0000000719600000, 0x0000000719600000|100%|HC|  |TAMS 0x0000000719400000| PB 0x0000000719400000| Complete 
| 176|0x0000000719600000, 0x0000000719800000, 0x0000000719800000|100%|HC|  |TAMS 0x0000000719600000| PB 0x0000000719600000| Complete 
| 177|0x0000000719800000, 0x0000000719a00000, 0x0000000719a00000|100%|HS|  |TAMS 0x0000000719800000| PB 0x0000000719800000| Complete 
| 178|0x0000000719a00000, 0x0000000719c00000, 0x0000000719c00000|100%|HC|  |TAMS 0x0000000719a00000| PB 0x0000000719a00000| Complete 
| 179|0x0000000719c00000, 0x0000000719e00000, 0x0000000719e00000|100%|HC|  |TAMS 0x0000000719c00000| PB 0x0000000719c00000| Complete 
| 180|0x0000000719e00000, 0x000000071a000000, 0x000000071a000000|100%|HC|  |TAMS 0x0000000719e00000| PB 0x0000000719e00000| Complete 
| 181|0x000000071a000000, 0x000000071a000000, 0x000000071a200000|  0%| F|  |TAMS 0x000000071a000000| PB 0x000000071a000000| Untracked 
| 182|0x000000071a200000, 0x000000071a400000, 0x000000071a400000|100%| E|  |TAMS 0x000000071a200000| PB 0x000000071a200000| Complete 
| 183|0x000000071a400000, 0x000000071a600000, 0x000000071a600000|100%| E|CS|TAMS 0x000000071a400000| PB 0x000000071a400000| Complete 
| 184|0x000000071a600000, 0x000000071a800000, 0x000000071a800000|100%| E|  |TAMS 0x000000071a600000| PB 0x000000071a600000| Complete 
| 185|0x000000071a800000, 0x000000071aa00000, 0x000000071aa00000|100%| E|CS|TAMS 0x000000071a800000| PB 0x000000071a800000| Complete 
| 186|0x000000071aa00000, 0x000000071ac00000, 0x000000071ac00000|100%| E|CS|TAMS 0x000000071aa00000| PB 0x000000071aa00000| Complete 
| 187|0x000000071ac00000, 0x000000071ae00000, 0x000000071ae00000|100%| E|CS|TAMS 0x000000071ac00000| PB 0x000000071ac00000| Complete 
| 188|0x000000071ae00000, 0x000000071b000000, 0x000000071b000000|100%| E|CS|TAMS 0x000000071ae00000| PB 0x000000071ae00000| Complete 
| 189|0x000000071b000000, 0x000000071b200000, 0x000000071b200000|100%| E|CS|TAMS 0x000000071b000000| PB 0x000000071b000000| Complete 
| 190|0x000000071b200000, 0x000000071b400000, 0x000000071b400000|100%| E|CS|TAMS 0x000000071b200000| PB 0x000000071b200000| Complete 
| 191|0x000000071b400000, 0x000000071b600000, 0x000000071b600000|100%| E|CS|TAMS 0x000000071b400000| PB 0x000000071b400000| Complete 
| 192|0x000000071b600000, 0x000000071b800000, 0x000000071b800000|100%| E|CS|TAMS 0x000000071b600000| PB 0x000000071b600000| Complete 
| 193|0x000000071b800000, 0x000000071ba00000, 0x000000071ba00000|100%| E|CS|TAMS 0x000000071b800000| PB 0x000000071b800000| Complete 
| 194|0x000000071ba00000, 0x000000071bc00000, 0x000000071bc00000|100%| E|CS|TAMS 0x000000071ba00000| PB 0x000000071ba00000| Complete 
| 195|0x000000071bc00000, 0x000000071be00000, 0x000000071be00000|100%| E|CS|TAMS 0x000000071bc00000| PB 0x000000071bc00000| Complete 
| 196|0x000000071be00000, 0x000000071c000000, 0x000000071c000000|100%| E|CS|TAMS 0x000000071be00000| PB 0x000000071be00000| Complete 
| 197|0x000000071c000000, 0x000000071c200000, 0x000000071c200000|100%| E|CS|TAMS 0x000000071c000000| PB 0x000000071c000000| Complete 
| 198|0x000000071c200000, 0x000000071c400000, 0x000000071c400000|100%| E|CS|TAMS 0x000000071c200000| PB 0x000000071c200000| Complete 
| 199|0x000000071c400000, 0x000000071c600000, 0x000000071c600000|100%| E|CS|TAMS 0x000000071c400000| PB 0x000000071c400000| Complete 
| 200|0x000000071c600000, 0x000000071c800000, 0x000000071c800000|100%|HS|  |TAMS 0x000000071c600000| PB 0x000000071c600000| Complete 
| 201|0x000000071c800000, 0x000000071ca00000, 0x000000071ca00000|100%|HC|  |TAMS 0x000000071c800000| PB 0x000000071c800000| Complete 
| 202|0x000000071ca00000, 0x000000071cc00000, 0x000000071cc00000|100%|HC|  |TAMS 0x000000071ca00000| PB 0x000000071ca00000| Complete 
| 203|0x000000071cc00000, 0x000000071ce00000, 0x000000071ce00000|100%|HC|  |TAMS 0x000000071cc00000| PB 0x000000071cc00000| Complete 
| 204|0x000000071ce00000, 0x000000071d000000, 0x000000071d000000|100%|HS|  |TAMS 0x000000071ce00000| PB 0x000000071ce00000| Complete 
| 205|0x000000071d000000, 0x000000071d200000, 0x000000071d200000|100%|HC|  |TAMS 0x000000071d000000| PB 0x000000071d000000| Complete 
| 206|0x000000071d200000, 0x000000071d400000, 0x000000071d400000|100%|HC|  |TAMS 0x000000071d200000| PB 0x000000071d200000| Complete 
| 207|0x000000071d400000, 0x000000071d600000, 0x000000071d600000|100%|HC|  |TAMS 0x000000071d400000| PB 0x000000071d400000| Complete 
| 208|0x000000071d600000, 0x000000071d800000, 0x000000071d800000|100%|HS|  |TAMS 0x000000071d600000| PB 0x000000071d600000| Complete 
| 209|0x000000071d800000, 0x000000071da00000, 0x000000071da00000|100%|HC|  |TAMS 0x000000071d800000| PB 0x000000071d800000| Complete 
| 210|0x000000071da00000, 0x000000071dc00000, 0x000000071dc00000|100%|HC|  |TAMS 0x000000071da00000| PB 0x000000071da00000| Complete 
| 211|0x000000071dc00000, 0x000000071de00000, 0x000000071de00000|100%|HC|  |TAMS 0x000000071dc00000| PB 0x000000071dc00000| Complete 
| 212|0x000000071de00000, 0x000000071e000000, 0x000000071e000000|100%|HS|  |TAMS 0x000000071de00000| PB 0x000000071de00000| Complete 
| 213|0x000000071e000000, 0x000000071e200000, 0x000000071e200000|100%|HC|  |TAMS 0x000000071e000000| PB 0x000000071e000000| Complete 
| 214|0x000000071e200000, 0x000000071e400000, 0x000000071e400000|100%|HC|  |TAMS 0x000000071e200000| PB 0x000000071e200000| Complete 
| 215|0x000000071e400000, 0x000000071e600000, 0x000000071e600000|100%|HC|  |TAMS 0x000000071e400000| PB 0x000000071e400000| Complete 
| 216|0x000000071e600000, 0x000000071e800000, 0x000000071e800000|100%|HS|  |TAMS 0x000000071e600000| PB 0x000000071e600000| Complete 
| 217|0x000000071e800000, 0x000000071ea00000, 0x000000071ea00000|100%|HC|  |TAMS 0x000000071e800000| PB 0x000000071e800000| Complete 
| 218|0x000000071ea00000, 0x000000071ec00000, 0x000000071ec00000|100%|HC|  |TAMS 0x000000071ea00000| PB 0x000000071ea00000| Complete 
| 219|0x000000071ec00000, 0x000000071ee00000, 0x000000071ee00000|100%|HC|  |TAMS 0x000000071ec00000| PB 0x000000071ec00000| Complete 
| 220|0x000000071ee00000, 0x000000071f000000, 0x000000071f000000|100%|HS|  |TAMS 0x000000071ee00000| PB 0x000000071ee00000| Complete 
| 221|0x000000071f000000, 0x000000071f200000, 0x000000071f200000|100%|HC|  |TAMS 0x000000071f000000| PB 0x000000071f000000| Complete 
| 222|0x000000071f200000, 0x000000071f400000, 0x000000071f400000|100%|HC|  |TAMS 0x000000071f200000| PB 0x000000071f200000| Complete 
| 223|0x000000071f400000, 0x000000071f600000, 0x000000071f600000|100%|HC|  |TAMS 0x000000071f400000| PB 0x000000071f400000| Complete 
| 224|0x000000071f600000, 0x000000071f800000, 0x000000071f800000|100%|HS|  |TAMS 0x000000071f600000| PB 0x000000071f600000| Complete 
| 225|0x000000071f800000, 0x000000071fa00000, 0x000000071fa00000|100%|HC|  |TAMS 0x000000071f800000| PB 0x000000071f800000| Complete 
| 226|0x000000071fa00000, 0x000000071fc00000, 0x000000071fc00000|100%|HC|  |TAMS 0x000000071fa00000| PB 0x000000071fa00000| Complete 
| 227|0x000000071fc00000, 0x000000071fe00000, 0x000000071fe00000|100%|HC|  |TAMS 0x000000071fc00000| PB 0x000000071fc00000| Complete 
| 228|0x000000071fe00000, 0x0000000720000000, 0x0000000720000000|100%|HS|  |TAMS 0x000000071fe00000| PB 0x000000071fe00000| Complete 
| 229|0x0000000720000000, 0x0000000720200000, 0x0000000720200000|100%|HC|  |TAMS 0x0000000720000000| PB 0x0000000720000000| Complete 
| 230|0x0000000720200000, 0x0000000720400000, 0x0000000720400000|100%|HC|  |TAMS 0x0000000720200000| PB 0x0000000720200000| Complete 
| 231|0x0000000720400000, 0x0000000720600000, 0x0000000720600000|100%|HC|  |TAMS 0x0000000720400000| PB 0x0000000720400000| Complete 
| 232|0x0000000720600000, 0x0000000720800000, 0x0000000720800000|100%|HS|  |TAMS 0x0000000720600000| PB 0x0000000720600000| Complete 
| 233|0x0000000720800000, 0x0000000720a00000, 0x0000000720a00000|100%|HC|  |TAMS 0x0000000720800000| PB 0x0000000720800000| Complete 
| 234|0x0000000720a00000, 0x0000000720c00000, 0x0000000720c00000|100%|HC|  |TAMS 0x0000000720a00000| PB 0x0000000720a00000| Complete 
| 235|0x0000000720c00000, 0x0000000720e00000, 0x0000000720e00000|100%|HC|  |TAMS 0x0000000720c00000| PB 0x0000000720c00000| Complete 
| 236|0x0000000720e00000, 0x0000000721000000, 0x0000000721000000|100%|HS|  |TAMS 0x0000000720e00000| PB 0x0000000720e00000| Complete 
| 237|0x0000000721000000, 0x0000000721200000, 0x0000000721200000|100%|HC|  |TAMS 0x0000000721000000| PB 0x0000000721000000| Complete 
| 238|0x0000000721200000, 0x0000000721400000, 0x0000000721400000|100%|HC|  |TAMS 0x0000000721200000| PB 0x0000000721200000| Complete 
| 239|0x0000000721400000, 0x0000000721600000, 0x0000000721600000|100%|HC|  |TAMS 0x0000000721400000| PB 0x0000000721400000| Complete 
| 240|0x0000000721600000, 0x0000000721800000, 0x0000000721800000|100%|HS|  |TAMS 0x0000000721600000| PB 0x0000000721600000| Complete 
| 241|0x0000000721800000, 0x0000000721a00000, 0x0000000721a00000|100%|HC|  |TAMS 0x0000000721800000| PB 0x0000000721800000| Complete 
| 242|0x0000000721a00000, 0x0000000721c00000, 0x0000000721c00000|100%|HC|  |TAMS 0x0000000721a00000| PB 0x0000000721a00000| Complete 
| 243|0x0000000721c00000, 0x0000000721e00000, 0x0000000721e00000|100%|HC|  |TAMS 0x0000000721c00000| PB 0x0000000721c00000| Complete 
| 244|0x0000000721e00000, 0x0000000722000000, 0x0000000722000000|100%|HS|  |TAMS 0x0000000721e00000| PB 0x0000000721e00000| Complete 
| 245|0x0000000722000000, 0x0000000722200000, 0x0000000722200000|100%|HC|  |TAMS 0x0000000722000000| PB 0x0000000722000000| Complete 
| 246|0x0000000722200000, 0x0000000722400000, 0x0000000722400000|100%|HC|  |TAMS 0x0000000722200000| PB 0x0000000722200000| Complete 
| 247|0x0000000722400000, 0x0000000722600000, 0x0000000722600000|100%|HC|  |TAMS 0x0000000722400000| PB 0x0000000722400000| Complete 
| 248|0x0000000722600000, 0x0000000722800000, 0x0000000722800000|100%|HS|  |TAMS 0x0000000722600000| PB 0x0000000722600000| Complete 
| 249|0x0000000722800000, 0x0000000722a00000, 0x0000000722a00000|100%|HC|  |TAMS 0x0000000722800000| PB 0x0000000722800000| Complete 
| 250|0x0000000722a00000, 0x0000000722c00000, 0x0000000722c00000|100%|HC|  |TAMS 0x0000000722a00000| PB 0x0000000722a00000| Complete 
| 251|0x0000000722c00000, 0x0000000722e00000, 0x0000000722e00000|100%|HC|  |TAMS 0x0000000722c00000| PB 0x0000000722c00000| Complete 
| 252|0x0000000722e00000, 0x0000000723000000, 0x0000000723000000|100%|HS|  |TAMS 0x0000000722e00000| PB 0x0000000722e00000| Complete 
| 253|0x0000000723000000, 0x0000000723200000, 0x0000000723200000|100%|HC|  |TAMS 0x0000000723000000| PB 0x0000000723000000| Complete 
| 254|0x0000000723200000, 0x0000000723400000, 0x0000000723400000|100%|HC|  |TAMS 0x0000000723200000| PB 0x0000000723200000| Complete 
| 255|0x0000000723400000, 0x0000000723600000, 0x0000000723600000|100%|HC|  |TAMS 0x0000000723400000| PB 0x0000000723400000| Complete 
| 256|0x0000000723600000, 0x0000000723800000, 0x0000000723800000|100%|HS|  |TAMS 0x0000000723600000| PB 0x0000000723600000| Complete 
| 257|0x0000000723800000, 0x0000000723a00000, 0x0000000723a00000|100%|HC|  |TAMS 0x0000000723800000| PB 0x0000000723800000| Complete 
| 258|0x0000000723a00000, 0x0000000723c00000, 0x0000000723c00000|100%|HC|  |TAMS 0x0000000723a00000| PB 0x0000000723a00000| Complete 
| 259|0x0000000723c00000, 0x0000000723e00000, 0x0000000723e00000|100%|HC|  |TAMS 0x0000000723c00000| PB 0x0000000723c00000| Complete 
| 260|0x0000000723e00000, 0x0000000724000000, 0x0000000724000000|100%|HS|  |TAMS 0x0000000723e00000| PB 0x0000000723e00000| Complete 
| 261|0x0000000724000000, 0x0000000724200000, 0x0000000724200000|100%|HC|  |TAMS 0x0000000724000000| PB 0x0000000724000000| Complete 
| 262|0x0000000724200000, 0x0000000724400000, 0x0000000724400000|100%|HC|  |TAMS 0x0000000724200000| PB 0x0000000724200000| Complete 
| 263|0x0000000724400000, 0x0000000724600000, 0x0000000724600000|100%|HC|  |TAMS 0x0000000724400000| PB 0x0000000724400000| Complete 
| 264|0x0000000724600000, 0x0000000724800000, 0x0000000724800000|100%|HS|  |TAMS 0x0000000724600000| PB 0x0000000724600000| Complete 
| 265|0x0000000724800000, 0x0000000724a00000, 0x0000000724a00000|100%|HC|  |TAMS 0x0000000724800000| PB 0x0000000724800000| Complete 
| 266|0x0000000724a00000, 0x0000000724c00000, 0x0000000724c00000|100%|HC|  |TAMS 0x0000000724a00000| PB 0x0000000724a00000| Complete 
| 267|0x0000000724c00000, 0x0000000724e00000, 0x0000000724e00000|100%|HC|  |TAMS 0x0000000724c00000| PB 0x0000000724c00000| Complete 
| 268|0x0000000724e00000, 0x0000000725000000, 0x0000000725000000|100%|HS|  |TAMS 0x0000000724e00000| PB 0x0000000724e00000| Complete 
| 269|0x0000000725000000, 0x0000000725200000, 0x0000000725200000|100%|HC|  |TAMS 0x0000000725000000| PB 0x0000000725000000| Complete 
| 270|0x0000000725200000, 0x0000000725400000, 0x0000000725400000|100%|HC|  |TAMS 0x0000000725200000| PB 0x0000000725200000| Complete 
| 271|0x0000000725400000, 0x0000000725600000, 0x0000000725600000|100%|HC|  |TAMS 0x0000000725400000| PB 0x0000000725400000| Complete 
| 272|0x0000000725600000, 0x0000000725800000, 0x0000000725800000|100%|HS|  |TAMS 0x0000000725600000| PB 0x0000000725600000| Complete 
| 273|0x0000000725800000, 0x0000000725a00000, 0x0000000725a00000|100%|HC|  |TAMS 0x0000000725800000| PB 0x0000000725800000| Complete 
| 274|0x0000000725a00000, 0x0000000725c00000, 0x0000000725c00000|100%|HC|  |TAMS 0x0000000725a00000| PB 0x0000000725a00000| Complete 
| 275|0x0000000725c00000, 0x0000000725e00000, 0x0000000725e00000|100%|HC|  |TAMS 0x0000000725c00000| PB 0x0000000725c00000| Complete 
| 276|0x0000000725e00000, 0x0000000726000000, 0x0000000726000000|100%|HS|  |TAMS 0x0000000725e00000| PB 0x0000000725e00000| Complete 
| 277|0x0000000726000000, 0x0000000726200000, 0x0000000726200000|100%|HC|  |TAMS 0x0000000726000000| PB 0x0000000726000000| Complete 
| 278|0x0000000726200000, 0x0000000726400000, 0x0000000726400000|100%|HC|  |TAMS 0x0000000726200000| PB 0x0000000726200000| Complete 
| 279|0x0000000726400000, 0x0000000726600000, 0x0000000726600000|100%|HC|  |TAMS 0x0000000726400000| PB 0x0000000726400000| Complete 
| 280|0x0000000726600000, 0x0000000726800000, 0x0000000726800000|100%|HS|  |TAMS 0x0000000726600000| PB 0x0000000726600000| Complete 
| 281|0x0000000726800000, 0x0000000726a00000, 0x0000000726a00000|100%|HC|  |TAMS 0x0000000726800000| PB 0x0000000726800000| Complete 
| 282|0x0000000726a00000, 0x0000000726c00000, 0x0000000726c00000|100%|HC|  |TAMS 0x0000000726a00000| PB 0x0000000726a00000| Complete 
| 283|0x0000000726c00000, 0x0000000726e00000, 0x0000000726e00000|100%|HC|  |TAMS 0x0000000726c00000| PB 0x0000000726c00000| Complete 
| 284|0x0000000726e00000, 0x0000000727000000, 0x0000000727000000|100%|HS|  |TAMS 0x0000000726e00000| PB 0x0000000726e00000| Complete 
| 285|0x0000000727000000, 0x0000000727200000, 0x0000000727200000|100%|HC|  |TAMS 0x0000000727000000| PB 0x0000000727000000| Complete 
| 286|0x0000000727200000, 0x0000000727400000, 0x0000000727400000|100%|HC|  |TAMS 0x0000000727200000| PB 0x0000000727200000| Complete 
| 287|0x0000000727400000, 0x0000000727600000, 0x0000000727600000|100%|HC|  |TAMS 0x0000000727400000| PB 0x0000000727400000| Complete 
| 288|0x0000000727600000, 0x0000000727800000, 0x0000000727800000|100%|HS|  |TAMS 0x0000000727600000| PB 0x0000000727600000| Complete 
| 289|0x0000000727800000, 0x0000000727a00000, 0x0000000727a00000|100%|HC|  |TAMS 0x0000000727800000| PB 0x0000000727800000| Complete 
| 290|0x0000000727a00000, 0x0000000727c00000, 0x0000000727c00000|100%|HC|  |TAMS 0x0000000727a00000| PB 0x0000000727a00000| Complete 
| 291|0x0000000727c00000, 0x0000000727e00000, 0x0000000727e00000|100%|HC|  |TAMS 0x0000000727c00000| PB 0x0000000727c00000| Complete 
| 292|0x0000000727e00000, 0x0000000728000000, 0x0000000728000000|100%|HS|  |TAMS 0x0000000727e00000| PB 0x0000000727e00000| Complete 
| 293|0x0000000728000000, 0x0000000728200000, 0x0000000728200000|100%|HC|  |TAMS 0x0000000728000000| PB 0x0000000728000000| Complete 
| 294|0x0000000728200000, 0x0000000728400000, 0x0000000728400000|100%|HC|  |TAMS 0x0000000728200000| PB 0x0000000728200000| Complete 
| 295|0x0000000728400000, 0x0000000728600000, 0x0000000728600000|100%|HC|  |TAMS 0x0000000728400000| PB 0x0000000728400000| Complete 
| 296|0x0000000728600000, 0x0000000728800000, 0x0000000728800000|100%|HS|  |TAMS 0x0000000728600000| PB 0x0000000728600000| Complete 
| 297|0x0000000728800000, 0x0000000728a00000, 0x0000000728a00000|100%|HC|  |TAMS 0x0000000728800000| PB 0x0000000728800000| Complete 
| 298|0x0000000728a00000, 0x0000000728c00000, 0x0000000728c00000|100%|HC|  |TAMS 0x0000000728a00000| PB 0x0000000728a00000| Complete 
| 299|0x0000000728c00000, 0x0000000728e00000, 0x0000000728e00000|100%|HC|  |TAMS 0x0000000728c00000| PB 0x0000000728c00000| Complete 
| 300|0x0000000728e00000, 0x0000000729000000, 0x0000000729000000|100%|HS|  |TAMS 0x0000000728e00000| PB 0x0000000728e00000| Complete 
| 301|0x0000000729000000, 0x0000000729200000, 0x0000000729200000|100%|HC|  |TAMS 0x0000000729000000| PB 0x0000000729000000| Complete 
| 302|0x0000000729200000, 0x0000000729400000, 0x0000000729400000|100%|HC|  |TAMS 0x0000000729200000| PB 0x0000000729200000| Complete 
| 303|0x0000000729400000, 0x0000000729600000, 0x0000000729600000|100%|HC|  |TAMS 0x0000000729400000| PB 0x0000000729400000| Complete 
| 304|0x0000000729600000, 0x0000000729800000, 0x0000000729800000|100%|HS|  |TAMS 0x0000000729600000| PB 0x0000000729600000| Complete 
| 305|0x0000000729800000, 0x0000000729a00000, 0x0000000729a00000|100%|HC|  |TAMS 0x0000000729800000| PB 0x0000000729800000| Complete 
| 306|0x0000000729a00000, 0x0000000729c00000, 0x0000000729c00000|100%|HC|  |TAMS 0x0000000729a00000| PB 0x0000000729a00000| Complete 
| 307|0x0000000729c00000, 0x0000000729e00000, 0x0000000729e00000|100%|HC|  |TAMS 0x0000000729c00000| PB 0x0000000729c00000| Complete 
| 308|0x0000000729e00000, 0x000000072a000000, 0x000000072a000000|100%|HS|  |TAMS 0x0000000729e00000| PB 0x0000000729e00000| Complete 
| 309|0x000000072a000000, 0x000000072a200000, 0x000000072a200000|100%|HC|  |TAMS 0x000000072a000000| PB 0x000000072a000000| Complete 
| 310|0x000000072a200000, 0x000000072a400000, 0x000000072a400000|100%|HC|  |TAMS 0x000000072a200000| PB 0x000000072a200000| Complete 
| 311|0x000000072a400000, 0x000000072a600000, 0x000000072a600000|100%|HC|  |TAMS 0x000000072a400000| PB 0x000000072a400000| Complete 
| 312|0x000000072a600000, 0x000000072a800000, 0x000000072a800000|100%|HS|  |TAMS 0x000000072a600000| PB 0x000000072a600000| Complete 
| 313|0x000000072a800000, 0x000000072aa00000, 0x000000072aa00000|100%|HC|  |TAMS 0x000000072a800000| PB 0x000000072a800000| Complete 
| 314|0x000000072aa00000, 0x000000072ac00000, 0x000000072ac00000|100%|HC|  |TAMS 0x000000072aa00000| PB 0x000000072aa00000| Complete 
| 315|0x000000072ac00000, 0x000000072ae00000, 0x000000072ae00000|100%|HC|  |TAMS 0x000000072ac00000| PB 0x000000072ac00000| Complete 
| 316|0x000000072ae00000, 0x000000072b000000, 0x000000072b000000|100%|HS|  |TAMS 0x000000072ae00000| PB 0x000000072ae00000| Complete 
| 317|0x000000072b000000, 0x000000072b200000, 0x000000072b200000|100%|HC|  |TAMS 0x000000072b000000| PB 0x000000072b000000| Complete 
| 318|0x000000072b200000, 0x000000072b400000, 0x000000072b400000|100%|HC|  |TAMS 0x000000072b200000| PB 0x000000072b200000| Complete 
| 319|0x000000072b400000, 0x000000072b600000, 0x000000072b600000|100%|HC|  |TAMS 0x000000072b400000| PB 0x000000072b400000| Complete 
| 320|0x000000072b600000, 0x000000072b800000, 0x000000072b800000|100%|HS|  |TAMS 0x000000072b600000| PB 0x000000072b600000| Complete 
| 321|0x000000072b800000, 0x000000072ba00000, 0x000000072ba00000|100%|HC|  |TAMS 0x000000072b800000| PB 0x000000072b800000| Complete 
| 322|0x000000072ba00000, 0x000000072bc00000, 0x000000072bc00000|100%|HC|  |TAMS 0x000000072ba00000| PB 0x000000072ba00000| Complete 
| 323|0x000000072bc00000, 0x000000072be00000, 0x000000072be00000|100%|HC|  |TAMS 0x000000072bc00000| PB 0x000000072bc00000| Complete 
| 324|0x000000072be00000, 0x000000072c000000, 0x000000072c000000|100%|HS|  |TAMS 0x000000072be00000| PB 0x000000072be00000| Complete 
| 325|0x000000072c000000, 0x000000072c200000, 0x000000072c200000|100%|HC|  |TAMS 0x000000072c000000| PB 0x000000072c000000| Complete 
| 326|0x000000072c200000, 0x000000072c400000, 0x000000072c400000|100%|HC|  |TAMS 0x000000072c200000| PB 0x000000072c200000| Complete 
| 327|0x000000072c400000, 0x000000072c600000, 0x000000072c600000|100%|HC|  |TAMS 0x000000072c400000| PB 0x000000072c400000| Complete 
| 328|0x000000072c600000, 0x000000072c800000, 0x000000072c800000|100%|HS|  |TAMS 0x000000072c600000| PB 0x000000072c600000| Complete 
| 329|0x000000072c800000, 0x000000072ca00000, 0x000000072ca00000|100%|HC|  |TAMS 0x000000072c800000| PB 0x000000072c800000| Complete 
| 330|0x000000072ca00000, 0x000000072cc00000, 0x000000072cc00000|100%|HC|  |TAMS 0x000000072ca00000| PB 0x000000072ca00000| Complete 
| 331|0x000000072cc00000, 0x000000072ce00000, 0x000000072ce00000|100%|HC|  |TAMS 0x000000072cc00000| PB 0x000000072cc00000| Complete 
| 332|0x000000072ce00000, 0x000000072d000000, 0x000000072d000000|100%|HS|  |TAMS 0x000000072ce00000| PB 0x000000072ce00000| Complete 
| 333|0x000000072d000000, 0x000000072d200000, 0x000000072d200000|100%|HC|  |TAMS 0x000000072d000000| PB 0x000000072d000000| Complete 
| 334|0x000000072d200000, 0x000000072d400000, 0x000000072d400000|100%|HC|  |TAMS 0x000000072d200000| PB 0x000000072d200000| Complete 
| 335|0x000000072d400000, 0x000000072d600000, 0x000000072d600000|100%|HC|  |TAMS 0x000000072d400000| PB 0x000000072d400000| Complete 
| 336|0x000000072d600000, 0x000000072d800000, 0x000000072d800000|100%|HS|  |TAMS 0x000000072d600000| PB 0x000000072d600000| Complete 
| 337|0x000000072d800000, 0x000000072da00000, 0x000000072da00000|100%|HC|  |TAMS 0x000000072d800000| PB 0x000000072d800000| Complete 
| 338|0x000000072da00000, 0x000000072dc00000, 0x000000072dc00000|100%|HC|  |TAMS 0x000000072da00000| PB 0x000000072da00000| Complete 
| 339|0x000000072dc00000, 0x000000072de00000, 0x000000072de00000|100%|HC|  |TAMS 0x000000072dc00000| PB 0x000000072dc00000| Complete 
| 340|0x000000072de00000, 0x000000072e000000, 0x000000072e000000|100%|HS|  |TAMS 0x000000072de00000| PB 0x000000072de00000| Complete 
| 341|0x000000072e000000, 0x000000072e200000, 0x000000072e200000|100%|HC|  |TAMS 0x000000072e000000| PB 0x000000072e000000| Complete 
| 342|0x000000072e200000, 0x000000072e400000, 0x000000072e400000|100%|HC|  |TAMS 0x000000072e200000| PB 0x000000072e200000| Complete 
| 343|0x000000072e400000, 0x000000072e600000, 0x000000072e600000|100%|HC|  |TAMS 0x000000072e400000| PB 0x000000072e400000| Complete 
| 344|0x000000072e600000, 0x000000072e800000, 0x000000072e800000|100%|HS|  |TAMS 0x000000072e600000| PB 0x000000072e600000| Complete 
| 345|0x000000072e800000, 0x000000072ea00000, 0x000000072ea00000|100%|HC|  |TAMS 0x000000072e800000| PB 0x000000072e800000| Complete 
| 346|0x000000072ea00000, 0x000000072ec00000, 0x000000072ec00000|100%|HC|  |TAMS 0x000000072ea00000| PB 0x000000072ea00000| Complete 
| 347|0x000000072ec00000, 0x000000072ee00000, 0x000000072ee00000|100%|HC|  |TAMS 0x000000072ec00000| PB 0x000000072ec00000| Complete 
| 348|0x000000072ee00000, 0x000000072f000000, 0x000000072f000000|100%|HS|  |TAMS 0x000000072ee00000| PB 0x000000072ee00000| Complete 
| 349|0x000000072f000000, 0x000000072f200000, 0x000000072f200000|100%|HC|  |TAMS 0x000000072f000000| PB 0x000000072f000000| Complete 
| 350|0x000000072f200000, 0x000000072f400000, 0x000000072f400000|100%|HC|  |TAMS 0x000000072f200000| PB 0x000000072f200000| Complete 
| 351|0x000000072f400000, 0x000000072f600000, 0x000000072f600000|100%|HC|  |TAMS 0x000000072f400000| PB 0x000000072f400000| Complete 
| 352|0x000000072f600000, 0x000000072f800000, 0x000000072f800000|100%|HS|  |TAMS 0x000000072f600000| PB 0x000000072f600000| Complete 
| 353|0x000000072f800000, 0x000000072fa00000, 0x000000072fa00000|100%|HC|  |TAMS 0x000000072f800000| PB 0x000000072f800000| Complete 
| 354|0x000000072fa00000, 0x000000072fc00000, 0x000000072fc00000|100%|HC|  |TAMS 0x000000072fa00000| PB 0x000000072fa00000| Complete 
| 355|0x000000072fc00000, 0x000000072fe00000, 0x000000072fe00000|100%|HC|  |TAMS 0x000000072fc00000| PB 0x000000072fc00000| Complete 
| 356|0x000000072fe00000, 0x0000000730000000, 0x0000000730000000|100%|HS|  |TAMS 0x000000072fe00000| PB 0x000000072fe00000| Complete 
| 357|0x0000000730000000, 0x0000000730200000, 0x0000000730200000|100%|HC|  |TAMS 0x0000000730000000| PB 0x0000000730000000| Complete 
| 358|0x0000000730200000, 0x0000000730400000, 0x0000000730400000|100%|HC|  |TAMS 0x0000000730200000| PB 0x0000000730200000| Complete 
| 359|0x0000000730400000, 0x0000000730600000, 0x0000000730600000|100%|HC|  |TAMS 0x0000000730400000| PB 0x0000000730400000| Complete 
| 360|0x0000000730600000, 0x0000000730800000, 0x0000000730800000|100%|HS|  |TAMS 0x0000000730600000| PB 0x0000000730600000| Complete 
| 361|0x0000000730800000, 0x0000000730a00000, 0x0000000730a00000|100%|HC|  |TAMS 0x0000000730800000| PB 0x0000000730800000| Complete 
| 362|0x0000000730a00000, 0x0000000730c00000, 0x0000000730c00000|100%|HC|  |TAMS 0x0000000730a00000| PB 0x0000000730a00000| Complete 
| 363|0x0000000730c00000, 0x0000000730e00000, 0x0000000730e00000|100%|HC|  |TAMS 0x0000000730c00000| PB 0x0000000730c00000| Complete 
| 364|0x0000000730e00000, 0x0000000731000000, 0x0000000731000000|100%|HS|  |TAMS 0x0000000730e00000| PB 0x0000000730e00000| Complete 
| 365|0x0000000731000000, 0x0000000731200000, 0x0000000731200000|100%|HC|  |TAMS 0x0000000731000000| PB 0x0000000731000000| Complete 
| 366|0x0000000731200000, 0x0000000731400000, 0x0000000731400000|100%|HC|  |TAMS 0x0000000731200000| PB 0x0000000731200000| Complete 
| 367|0x0000000731400000, 0x0000000731600000, 0x0000000731600000|100%|HC|  |TAMS 0x0000000731400000| PB 0x0000000731400000| Complete 
| 368|0x0000000731600000, 0x0000000731800000, 0x0000000731800000|100%|HS|  |TAMS 0x0000000731600000| PB 0x0000000731600000| Complete 
| 369|0x0000000731800000, 0x0000000731a00000, 0x0000000731a00000|100%|HC|  |TAMS 0x0000000731800000| PB 0x0000000731800000| Complete 
| 370|0x0000000731a00000, 0x0000000731c00000, 0x0000000731c00000|100%|HC|  |TAMS 0x0000000731a00000| PB 0x0000000731a00000| Complete 
| 371|0x0000000731c00000, 0x0000000731e00000, 0x0000000731e00000|100%|HC|  |TAMS 0x0000000731c00000| PB 0x0000000731c00000| Complete 
| 372|0x0000000731e00000, 0x0000000732000000, 0x0000000732000000|100%|HS|  |TAMS 0x0000000731e00000| PB 0x0000000731e00000| Complete 
| 373|0x0000000732000000, 0x0000000732200000, 0x0000000732200000|100%|HC|  |TAMS 0x0000000732000000| PB 0x0000000732000000| Complete 
| 374|0x0000000732200000, 0x0000000732400000, 0x0000000732400000|100%|HC|  |TAMS 0x0000000732200000| PB 0x0000000732200000| Complete 
| 375|0x0000000732400000, 0x0000000732600000, 0x0000000732600000|100%|HC|  |TAMS 0x0000000732400000| PB 0x0000000732400000| Complete 
| 376|0x0000000732600000, 0x0000000732800000, 0x0000000732800000|100%|HS|  |TAMS 0x0000000732600000| PB 0x0000000732600000| Complete 
| 377|0x0000000732800000, 0x0000000732a00000, 0x0000000732a00000|100%|HC|  |TAMS 0x0000000732800000| PB 0x0000000732800000| Complete 
| 378|0x0000000732a00000, 0x0000000732c00000, 0x0000000732c00000|100%|HC|  |TAMS 0x0000000732a00000| PB 0x0000000732a00000| Complete 
| 379|0x0000000732c00000, 0x0000000732e00000, 0x0000000732e00000|100%|HC|  |TAMS 0x0000000732c00000| PB 0x0000000732c00000| Complete 
| 380|0x0000000732e00000, 0x0000000733000000, 0x0000000733000000|100%|HS|  |TAMS 0x0000000732e00000| PB 0x0000000732e00000| Complete 
| 381|0x0000000733000000, 0x0000000733200000, 0x0000000733200000|100%|HC|  |TAMS 0x0000000733000000| PB 0x0000000733000000| Complete 
| 382|0x0000000733200000, 0x0000000733400000, 0x0000000733400000|100%|HC|  |TAMS 0x0000000733200000| PB 0x0000000733200000| Complete 
| 383|0x0000000733400000, 0x0000000733600000, 0x0000000733600000|100%|HC|  |TAMS 0x0000000733400000| PB 0x0000000733400000| Complete 
| 384|0x0000000733600000, 0x0000000733800000, 0x0000000733800000|100%|HS|  |TAMS 0x0000000733600000| PB 0x0000000733600000| Complete 
| 385|0x0000000733800000, 0x0000000733a00000, 0x0000000733a00000|100%|HC|  |TAMS 0x0000000733800000| PB 0x0000000733800000| Complete 
| 386|0x0000000733a00000, 0x0000000733c00000, 0x0000000733c00000|100%|HC|  |TAMS 0x0000000733a00000| PB 0x0000000733a00000| Complete 
| 387|0x0000000733c00000, 0x0000000733e00000, 0x0000000733e00000|100%|HC|  |TAMS 0x0000000733c00000| PB 0x0000000733c00000| Complete 
| 388|0x0000000733e00000, 0x0000000734000000, 0x0000000734000000|100%|HS|  |TAMS 0x0000000733e00000| PB 0x0000000733e00000| Complete 
| 389|0x0000000734000000, 0x0000000734200000, 0x0000000734200000|100%|HC|  |TAMS 0x0000000734000000| PB 0x0000000734000000| Complete 
| 390|0x0000000734200000, 0x0000000734400000, 0x0000000734400000|100%|HC|  |TAMS 0x0000000734200000| PB 0x0000000734200000| Complete 
| 391|0x0000000734400000, 0x0000000734600000, 0x0000000734600000|100%|HC|  |TAMS 0x0000000734400000| PB 0x0000000734400000| Complete 
| 392|0x0000000734600000, 0x0000000734800000, 0x0000000734800000|100%|HS|  |TAMS 0x0000000734600000| PB 0x0000000734600000| Complete 
| 393|0x0000000734800000, 0x0000000734a00000, 0x0000000734a00000|100%|HC|  |TAMS 0x0000000734800000| PB 0x0000000734800000| Complete 
| 394|0x0000000734a00000, 0x0000000734c00000, 0x0000000734c00000|100%|HC|  |TAMS 0x0000000734a00000| PB 0x0000000734a00000| Complete 
| 395|0x0000000734c00000, 0x0000000734e00000, 0x0000000734e00000|100%|HC|  |TAMS 0x0000000734c00000| PB 0x0000000734c00000| Complete 
| 396|0x0000000734e00000, 0x0000000735000000, 0x0000000735000000|100%|HS|  |TAMS 0x0000000734e00000| PB 0x0000000734e00000| Complete 
| 397|0x0000000735000000, 0x0000000735200000, 0x0000000735200000|100%|HC|  |TAMS 0x0000000735000000| PB 0x0000000735000000| Complete 
| 398|0x0000000735200000, 0x0000000735400000, 0x0000000735400000|100%|HC|  |TAMS 0x0000000735200000| PB 0x0000000735200000| Complete 
| 399|0x0000000735400000, 0x0000000735600000, 0x0000000735600000|100%|HC|  |TAMS 0x0000000735400000| PB 0x0000000735400000| Complete 
| 400|0x0000000735600000, 0x0000000735800000, 0x0000000735800000|100%|HS|  |TAMS 0x0000000735600000| PB 0x0000000735600000| Complete 
| 401|0x0000000735800000, 0x0000000735a00000, 0x0000000735a00000|100%|HC|  |TAMS 0x0000000735800000| PB 0x0000000735800000| Complete 
| 402|0x0000000735a00000, 0x0000000735c00000, 0x0000000735c00000|100%|HC|  |TAMS 0x0000000735a00000| PB 0x0000000735a00000| Complete 
| 403|0x0000000735c00000, 0x0000000735e00000, 0x0000000735e00000|100%|HC|  |TAMS 0x0000000735c00000| PB 0x0000000735c00000| Complete 
| 404|0x0000000735e00000, 0x0000000736000000, 0x0000000736000000|100%|HS|  |TAMS 0x0000000735e00000| PB 0x0000000735e00000| Complete 
| 405|0x0000000736000000, 0x0000000736200000, 0x0000000736200000|100%|HC|  |TAMS 0x0000000736000000| PB 0x0000000736000000| Complete 
| 406|0x0000000736200000, 0x0000000736400000, 0x0000000736400000|100%|HC|  |TAMS 0x0000000736200000| PB 0x0000000736200000| Complete 
| 407|0x0000000736400000, 0x0000000736600000, 0x0000000736600000|100%|HC|  |TAMS 0x0000000736400000| PB 0x0000000736400000| Complete 
| 408|0x0000000736600000, 0x0000000736800000, 0x0000000736800000|100%|HS|  |TAMS 0x0000000736600000| PB 0x0000000736600000| Complete 
| 409|0x0000000736800000, 0x0000000736a00000, 0x0000000736a00000|100%|HC|  |TAMS 0x0000000736800000| PB 0x0000000736800000| Complete 
| 410|0x0000000736a00000, 0x0000000736c00000, 0x0000000736c00000|100%|HC|  |TAMS 0x0000000736a00000| PB 0x0000000736a00000| Complete 
| 411|0x0000000736c00000, 0x0000000736e00000, 0x0000000736e00000|100%|HC|  |TAMS 0x0000000736c00000| PB 0x0000000736c00000| Complete 
| 412|0x0000000736e00000, 0x0000000737000000, 0x0000000737000000|100%|HS|  |TAMS 0x0000000736e00000| PB 0x0000000736e00000| Complete 
| 413|0x0000000737000000, 0x0000000737200000, 0x0000000737200000|100%|HC|  |TAMS 0x0000000737000000| PB 0x0000000737000000| Complete 
| 414|0x0000000737200000, 0x0000000737400000, 0x0000000737400000|100%|HC|  |TAMS 0x0000000737200000| PB 0x0000000737200000| Complete 
| 415|0x0000000737400000, 0x0000000737600000, 0x0000000737600000|100%|HC|  |TAMS 0x0000000737400000| PB 0x0000000737400000| Complete 
| 416|0x0000000737600000, 0x0000000737800000, 0x0000000737800000|100%|HS|  |TAMS 0x0000000737600000| PB 0x0000000737600000| Complete 
| 417|0x0000000737800000, 0x0000000737a00000, 0x0000000737a00000|100%|HC|  |TAMS 0x0000000737800000| PB 0x0000000737800000| Complete 
| 418|0x0000000737a00000, 0x0000000737c00000, 0x0000000737c00000|100%|HC|  |TAMS 0x0000000737a00000| PB 0x0000000737a00000| Complete 
| 419|0x0000000737c00000, 0x0000000737e00000, 0x0000000737e00000|100%|HC|  |TAMS 0x0000000737c00000| PB 0x0000000737c00000| Complete 
| 420|0x0000000737e00000, 0x0000000738000000, 0x0000000738000000|100%|HS|  |TAMS 0x0000000737e00000| PB 0x0000000737e00000| Complete 
| 421|0x0000000738000000, 0x0000000738200000, 0x0000000738200000|100%|HC|  |TAMS 0x0000000738000000| PB 0x0000000738000000| Complete 
| 422|0x0000000738200000, 0x0000000738400000, 0x0000000738400000|100%|HC|  |TAMS 0x0000000738200000| PB 0x0000000738200000| Complete 
| 423|0x0000000738400000, 0x0000000738600000, 0x0000000738600000|100%|HC|  |TAMS 0x0000000738400000| PB 0x0000000738400000| Complete 
| 424|0x0000000738600000, 0x0000000738800000, 0x0000000738800000|100%|HS|  |TAMS 0x0000000738600000| PB 0x0000000738600000| Complete 
| 425|0x0000000738800000, 0x0000000738a00000, 0x0000000738a00000|100%|HC|  |TAMS 0x0000000738800000| PB 0x0000000738800000| Complete 
| 426|0x0000000738a00000, 0x0000000738c00000, 0x0000000738c00000|100%|HC|  |TAMS 0x0000000738a00000| PB 0x0000000738a00000| Complete 
| 427|0x0000000738c00000, 0x0000000738e00000, 0x0000000738e00000|100%|HC|  |TAMS 0x0000000738c00000| PB 0x0000000738c00000| Complete 
| 428|0x0000000738e00000, 0x0000000739000000, 0x0000000739000000|100%|HS|  |TAMS 0x0000000738e00000| PB 0x0000000738e00000| Complete 
| 429|0x0000000739000000, 0x0000000739200000, 0x0000000739200000|100%|HC|  |TAMS 0x0000000739000000| PB 0x0000000739000000| Complete 
| 430|0x0000000739200000, 0x0000000739400000, 0x0000000739400000|100%|HC|  |TAMS 0x0000000739200000| PB 0x0000000739200000| Complete 
| 431|0x0000000739400000, 0x0000000739600000, 0x0000000739600000|100%|HC|  |TAMS 0x0000000739400000| PB 0x0000000739400000| Complete 
| 432|0x0000000739600000, 0x0000000739800000, 0x0000000739800000|100%|HS|  |TAMS 0x0000000739600000| PB 0x0000000739600000| Complete 
| 433|0x0000000739800000, 0x0000000739a00000, 0x0000000739a00000|100%|HC|  |TAMS 0x0000000739800000| PB 0x0000000739800000| Complete 
| 434|0x0000000739a00000, 0x0000000739c00000, 0x0000000739c00000|100%|HC|  |TAMS 0x0000000739a00000| PB 0x0000000739a00000| Complete 
| 435|0x0000000739c00000, 0x0000000739e00000, 0x0000000739e00000|100%|HC|  |TAMS 0x0000000739c00000| PB 0x0000000739c00000| Complete 
| 436|0x0000000739e00000, 0x000000073a000000, 0x000000073a000000|100%|HS|  |TAMS 0x0000000739e00000| PB 0x0000000739e00000| Complete 
| 437|0x000000073a000000, 0x000000073a200000, 0x000000073a200000|100%|HC|  |TAMS 0x000000073a000000| PB 0x000000073a000000| Complete 
| 438|0x000000073a200000, 0x000000073a400000, 0x000000073a400000|100%|HC|  |TAMS 0x000000073a200000| PB 0x000000073a200000| Complete 
| 439|0x000000073a400000, 0x000000073a600000, 0x000000073a600000|100%|HC|  |TAMS 0x000000073a400000| PB 0x000000073a400000| Complete 
| 440|0x000000073a600000, 0x000000073a800000, 0x000000073a800000|100%|HS|  |TAMS 0x000000073a600000| PB 0x000000073a600000| Complete 
| 441|0x000000073a800000, 0x000000073aa00000, 0x000000073aa00000|100%|HC|  |TAMS 0x000000073a800000| PB 0x000000073a800000| Complete 
| 442|0x000000073aa00000, 0x000000073ac00000, 0x000000073ac00000|100%|HC|  |TAMS 0x000000073aa00000| PB 0x000000073aa00000| Complete 
| 443|0x000000073ac00000, 0x000000073ae00000, 0x000000073ae00000|100%|HC|  |TAMS 0x000000073ac00000| PB 0x000000073ac00000| Complete 
| 444|0x000000073ae00000, 0x000000073b000000, 0x000000073b000000|100%|HS|  |TAMS 0x000000073ae00000| PB 0x000000073ae00000| Complete 
| 445|0x000000073b000000, 0x000000073b200000, 0x000000073b200000|100%|HC|  |TAMS 0x000000073b000000| PB 0x000000073b000000| Complete 
| 446|0x000000073b200000, 0x000000073b400000, 0x000000073b400000|100%|HC|  |TAMS 0x000000073b200000| PB 0x000000073b200000| Complete 
| 447|0x000000073b400000, 0x000000073b600000, 0x000000073b600000|100%|HC|  |TAMS 0x000000073b400000| PB 0x000000073b400000| Complete 
| 448|0x000000073b600000, 0x000000073b800000, 0x000000073b800000|100%|HS|  |TAMS 0x000000073b600000| PB 0x000000073b600000| Complete 
| 449|0x000000073b800000, 0x000000073ba00000, 0x000000073ba00000|100%|HC|  |TAMS 0x000000073b800000| PB 0x000000073b800000| Complete 
| 450|0x000000073ba00000, 0x000000073bc00000, 0x000000073bc00000|100%|HC|  |TAMS 0x000000073ba00000| PB 0x000000073ba00000| Complete 
| 451|0x000000073bc00000, 0x000000073be00000, 0x000000073be00000|100%|HC|  |TAMS 0x000000073bc00000| PB 0x000000073bc00000| Complete 
| 452|0x000000073be00000, 0x000000073c000000, 0x000000073c000000|100%|HS|  |TAMS 0x000000073be00000| PB 0x000000073be00000| Complete 
| 453|0x000000073c000000, 0x000000073c200000, 0x000000073c200000|100%|HC|  |TAMS 0x000000073c000000| PB 0x000000073c000000| Complete 
| 454|0x000000073c200000, 0x000000073c400000, 0x000000073c400000|100%|HC|  |TAMS 0x000000073c200000| PB 0x000000073c200000| Complete 
| 455|0x000000073c400000, 0x000000073c600000, 0x000000073c600000|100%|HC|  |TAMS 0x000000073c400000| PB 0x000000073c400000| Complete 
| 456|0x000000073c600000, 0x000000073c800000, 0x000000073c800000|100%|HS|  |TAMS 0x000000073c600000| PB 0x000000073c600000| Complete 
| 457|0x000000073c800000, 0x000000073ca00000, 0x000000073ca00000|100%|HC|  |TAMS 0x000000073c800000| PB 0x000000073c800000| Complete 
| 458|0x000000073ca00000, 0x000000073cc00000, 0x000000073cc00000|100%|HC|  |TAMS 0x000000073ca00000| PB 0x000000073ca00000| Complete 
| 459|0x000000073cc00000, 0x000000073ce00000, 0x000000073ce00000|100%|HC|  |TAMS 0x000000073cc00000| PB 0x000000073cc00000| Complete 
| 460|0x000000073ce00000, 0x000000073d000000, 0x000000073d000000|100%|HS|  |TAMS 0x000000073ce00000| PB 0x000000073ce00000| Complete 
| 461|0x000000073d000000, 0x000000073d200000, 0x000000073d200000|100%|HC|  |TAMS 0x000000073d000000| PB 0x000000073d000000| Complete 
| 462|0x000000073d200000, 0x000000073d400000, 0x000000073d400000|100%|HC|  |TAMS 0x000000073d200000| PB 0x000000073d200000| Complete 
| 463|0x000000073d400000, 0x000000073d600000, 0x000000073d600000|100%|HC|  |TAMS 0x000000073d400000| PB 0x000000073d400000| Complete 
| 464|0x000000073d600000, 0x000000073d800000, 0x000000073d800000|100%|HS|  |TAMS 0x000000073d600000| PB 0x000000073d600000| Complete 
| 465|0x000000073d800000, 0x000000073da00000, 0x000000073da00000|100%|HC|  |TAMS 0x000000073d800000| PB 0x000000073d800000| Complete 
| 466|0x000000073da00000, 0x000000073dc00000, 0x000000073dc00000|100%|HC|  |TAMS 0x000000073da00000| PB 0x000000073da00000| Complete 
| 467|0x000000073dc00000, 0x000000073de00000, 0x000000073de00000|100%|HC|  |TAMS 0x000000073dc00000| PB 0x000000073dc00000| Complete 
| 468|0x000000073de00000, 0x000000073e000000, 0x000000073e000000|100%|HS|  |TAMS 0x000000073de00000| PB 0x000000073de00000| Complete 
| 469|0x000000073e000000, 0x000000073e200000, 0x000000073e200000|100%|HC|  |TAMS 0x000000073e000000| PB 0x000000073e000000| Complete 
| 470|0x000000073e200000, 0x000000073e400000, 0x000000073e400000|100%|HC|  |TAMS 0x000000073e200000| PB 0x000000073e200000| Complete 
| 471|0x000000073e400000, 0x000000073e600000, 0x000000073e600000|100%|HC|  |TAMS 0x000000073e400000| PB 0x000000073e400000| Complete 
| 472|0x000000073e600000, 0x000000073e800000, 0x000000073e800000|100%|HS|  |TAMS 0x000000073e600000| PB 0x000000073e600000| Complete 
| 473|0x000000073e800000, 0x000000073ea00000, 0x000000073ea00000|100%|HC|  |TAMS 0x000000073e800000| PB 0x000000073e800000| Complete 
| 474|0x000000073ea00000, 0x000000073ec00000, 0x000000073ec00000|100%|HC|  |TAMS 0x000000073ea00000| PB 0x000000073ea00000| Complete 
| 475|0x000000073ec00000, 0x000000073ee00000, 0x000000073ee00000|100%|HC|  |TAMS 0x000000073ec00000| PB 0x000000073ec00000| Complete 
| 476|0x000000073ee00000, 0x000000073f000000, 0x000000073f000000|100%|HS|  |TAMS 0x000000073ee00000| PB 0x000000073ee00000| Complete 
| 477|0x000000073f000000, 0x000000073f200000, 0x000000073f200000|100%|HC|  |TAMS 0x000000073f000000| PB 0x000000073f000000| Complete 
| 478|0x000000073f200000, 0x000000073f400000, 0x000000073f400000|100%|HC|  |TAMS 0x000000073f200000| PB 0x000000073f200000| Complete 
| 479|0x000000073f400000, 0x000000073f600000, 0x000000073f600000|100%|HC|  |TAMS 0x000000073f400000| PB 0x000000073f400000| Complete 
| 480|0x000000073f600000, 0x000000073f800000, 0x000000073f800000|100%|HS|  |TAMS 0x000000073f600000| PB 0x000000073f600000| Complete 
| 481|0x000000073f800000, 0x000000073fa00000, 0x000000073fa00000|100%|HC|  |TAMS 0x000000073f800000| PB 0x000000073f800000| Complete 
| 482|0x000000073fa00000, 0x000000073fc00000, 0x000000073fc00000|100%|HC|  |TAMS 0x000000073fa00000| PB 0x000000073fa00000| Complete 
| 483|0x000000073fc00000, 0x000000073fe00000, 0x000000073fe00000|100%|HC|  |TAMS 0x000000073fc00000| PB 0x000000073fc00000| Complete 
| 484|0x000000073fe00000, 0x0000000740000000, 0x0000000740000000|100%|HS|  |TAMS 0x000000073fe00000| PB 0x000000073fe00000| Complete 
| 485|0x0000000740000000, 0x0000000740200000, 0x0000000740200000|100%|HC|  |TAMS 0x0000000740000000| PB 0x0000000740000000| Complete 
| 486|0x0000000740200000, 0x0000000740400000, 0x0000000740400000|100%|HC|  |TAMS 0x0000000740200000| PB 0x0000000740200000| Complete 
| 487|0x0000000740400000, 0x0000000740600000, 0x0000000740600000|100%|HC|  |TAMS 0x0000000740400000| PB 0x0000000740400000| Complete 
| 488|0x0000000740600000, 0x0000000740800000, 0x0000000740800000|100%|HS|  |TAMS 0x0000000740600000| PB 0x0000000740600000| Complete 
| 489|0x0000000740800000, 0x0000000740a00000, 0x0000000740a00000|100%|HC|  |TAMS 0x0000000740800000| PB 0x0000000740800000| Complete 
| 490|0x0000000740a00000, 0x0000000740c00000, 0x0000000740c00000|100%|HC|  |TAMS 0x0000000740a00000| PB 0x0000000740a00000| Complete 
| 491|0x0000000740c00000, 0x0000000740e00000, 0x0000000740e00000|100%|HC|  |TAMS 0x0000000740c00000| PB 0x0000000740c00000| Complete 
| 492|0x0000000740e00000, 0x0000000741000000, 0x0000000741000000|100%|HS|  |TAMS 0x0000000740e00000| PB 0x0000000740e00000| Complete 
| 493|0x0000000741000000, 0x0000000741200000, 0x0000000741200000|100%|HC|  |TAMS 0x0000000741000000| PB 0x0000000741000000| Complete 
| 494|0x0000000741200000, 0x0000000741400000, 0x0000000741400000|100%|HC|  |TAMS 0x0000000741200000| PB 0x0000000741200000| Complete 
| 495|0x0000000741400000, 0x0000000741600000, 0x0000000741600000|100%|HC|  |TAMS 0x0000000741400000| PB 0x0000000741400000| Complete 
| 496|0x0000000741600000, 0x0000000741800000, 0x0000000741800000|100%|HS|  |TAMS 0x0000000741600000| PB 0x0000000741600000| Complete 
| 497|0x0000000741800000, 0x0000000741a00000, 0x0000000741a00000|100%|HC|  |TAMS 0x0000000741800000| PB 0x0000000741800000| Complete 
| 498|0x0000000741a00000, 0x0000000741c00000, 0x0000000741c00000|100%|HC|  |TAMS 0x0000000741a00000| PB 0x0000000741a00000| Complete 
| 499|0x0000000741c00000, 0x0000000741e00000, 0x0000000741e00000|100%|HC|  |TAMS 0x0000000741c00000| PB 0x0000000741c00000| Complete 
| 500|0x0000000741e00000, 0x0000000742000000, 0x0000000742000000|100%|HS|  |TAMS 0x0000000741e00000| PB 0x0000000741e00000| Complete 
| 501|0x0000000742000000, 0x0000000742200000, 0x0000000742200000|100%|HC|  |TAMS 0x0000000742000000| PB 0x0000000742000000| Complete 
| 502|0x0000000742200000, 0x0000000742400000, 0x0000000742400000|100%|HC|  |TAMS 0x0000000742200000| PB 0x0000000742200000| Complete 
| 503|0x0000000742400000, 0x0000000742600000, 0x0000000742600000|100%|HC|  |TAMS 0x0000000742400000| PB 0x0000000742400000| Complete 
| 504|0x0000000742600000, 0x0000000742800000, 0x0000000742800000|100%|HS|  |TAMS 0x0000000742600000| PB 0x0000000742600000| Complete 
| 505|0x0000000742800000, 0x0000000742a00000, 0x0000000742a00000|100%|HC|  |TAMS 0x0000000742800000| PB 0x0000000742800000| Complete 
| 506|0x0000000742a00000, 0x0000000742c00000, 0x0000000742c00000|100%|HC|  |TAMS 0x0000000742a00000| PB 0x0000000742a00000| Complete 
| 507|0x0000000742c00000, 0x0000000742e00000, 0x0000000742e00000|100%|HC|  |TAMS 0x0000000742c00000| PB 0x0000000742c00000| Complete 
| 508|0x0000000742e00000, 0x0000000743000000, 0x0000000743000000|100%|HS|  |TAMS 0x0000000742e00000| PB 0x0000000742e00000| Complete 
| 509|0x0000000743000000, 0x0000000743200000, 0x0000000743200000|100%|HC|  |TAMS 0x0000000743000000| PB 0x0000000743000000| Complete 
| 510|0x0000000743200000, 0x0000000743400000, 0x0000000743400000|100%|HC|  |TAMS 0x0000000743200000| PB 0x0000000743200000| Complete 
| 511|0x0000000743400000, 0x0000000743600000, 0x0000000743600000|100%|HC|  |TAMS 0x0000000743400000| PB 0x0000000743400000| Complete 
| 512|0x0000000743600000, 0x0000000743800000, 0x0000000743800000|100%|HS|  |TAMS 0x0000000743600000| PB 0x0000000743600000| Complete 
| 513|0x0000000743800000, 0x0000000743a00000, 0x0000000743a00000|100%|HC|  |TAMS 0x0000000743800000| PB 0x0000000743800000| Complete 
| 514|0x0000000743a00000, 0x0000000743c00000, 0x0000000743c00000|100%|HC|  |TAMS 0x0000000743a00000| PB 0x0000000743a00000| Complete 
| 515|0x0000000743c00000, 0x0000000743e00000, 0x0000000743e00000|100%|HC|  |TAMS 0x0000000743c00000| PB 0x0000000743c00000| Complete 
| 516|0x0000000743e00000, 0x0000000744000000, 0x0000000744000000|100%|HS|  |TAMS 0x0000000743e00000| PB 0x0000000743e00000| Complete 
| 517|0x0000000744000000, 0x0000000744200000, 0x0000000744200000|100%|HC|  |TAMS 0x0000000744000000| PB 0x0000000744000000| Complete 
| 518|0x0000000744200000, 0x0000000744400000, 0x0000000744400000|100%|HC|  |TAMS 0x0000000744200000| PB 0x0000000744200000| Complete 
| 519|0x0000000744400000, 0x0000000744600000, 0x0000000744600000|100%|HC|  |TAMS 0x0000000744400000| PB 0x0000000744400000| Complete 
| 520|0x0000000744600000, 0x0000000744800000, 0x0000000744800000|100%|HS|  |TAMS 0x0000000744600000| PB 0x0000000744600000| Complete 
| 521|0x0000000744800000, 0x0000000744a00000, 0x0000000744a00000|100%|HC|  |TAMS 0x0000000744800000| PB 0x0000000744800000| Complete 
| 522|0x0000000744a00000, 0x0000000744c00000, 0x0000000744c00000|100%|HC|  |TAMS 0x0000000744a00000| PB 0x0000000744a00000| Complete 
| 523|0x0000000744c00000, 0x0000000744e00000, 0x0000000744e00000|100%|HC|  |TAMS 0x0000000744c00000| PB 0x0000000744c00000| Complete 
| 524|0x0000000744e00000, 0x0000000745000000, 0x0000000745000000|100%|HS|  |TAMS 0x0000000744e00000| PB 0x0000000744e00000| Complete 
| 525|0x0000000745000000, 0x0000000745200000, 0x0000000745200000|100%|HC|  |TAMS 0x0000000745000000| PB 0x0000000745000000| Complete 
| 526|0x0000000745200000, 0x0000000745400000, 0x0000000745400000|100%|HC|  |TAMS 0x0000000745200000| PB 0x0000000745200000| Complete 
| 527|0x0000000745400000, 0x0000000745600000, 0x0000000745600000|100%|HC|  |TAMS 0x0000000745400000| PB 0x0000000745400000| Complete 
| 528|0x0000000745600000, 0x0000000745800000, 0x0000000745800000|100%|HS|  |TAMS 0x0000000745600000| PB 0x0000000745600000| Complete 
| 529|0x0000000745800000, 0x0000000745a00000, 0x0000000745a00000|100%|HC|  |TAMS 0x0000000745800000| PB 0x0000000745800000| Complete 
| 530|0x0000000745a00000, 0x0000000745c00000, 0x0000000745c00000|100%|HC|  |TAMS 0x0000000745a00000| PB 0x0000000745a00000| Complete 
| 531|0x0000000745c00000, 0x0000000745e00000, 0x0000000745e00000|100%|HC|  |TAMS 0x0000000745c00000| PB 0x0000000745c00000| Complete 
| 532|0x0000000745e00000, 0x0000000746000000, 0x0000000746000000|100%|HS|  |TAMS 0x0000000745e00000| PB 0x0000000745e00000| Complete 
| 533|0x0000000746000000, 0x0000000746200000, 0x0000000746200000|100%|HC|  |TAMS 0x0000000746000000| PB 0x0000000746000000| Complete 
| 534|0x0000000746200000, 0x0000000746400000, 0x0000000746400000|100%|HC|  |TAMS 0x0000000746200000| PB 0x0000000746200000| Complete 
| 535|0x0000000746400000, 0x0000000746600000, 0x0000000746600000|100%|HC|  |TAMS 0x0000000746400000| PB 0x0000000746400000| Complete 
| 536|0x0000000746600000, 0x0000000746800000, 0x0000000746800000|100%|HS|  |TAMS 0x0000000746600000| PB 0x0000000746600000| Complete 
| 537|0x0000000746800000, 0x0000000746a00000, 0x0000000746a00000|100%|HC|  |TAMS 0x0000000746800000| PB 0x0000000746800000| Complete 
| 538|0x0000000746a00000, 0x0000000746c00000, 0x0000000746c00000|100%|HC|  |TAMS 0x0000000746a00000| PB 0x0000000746a00000| Complete 
| 539|0x0000000746c00000, 0x0000000746e00000, 0x0000000746e00000|100%|HC|  |TAMS 0x0000000746c00000| PB 0x0000000746c00000| Complete 
| 540|0x0000000746e00000, 0x0000000747000000, 0x0000000747000000|100%|HS|  |TAMS 0x0000000746e00000| PB 0x0000000746e00000| Complete 
| 541|0x0000000747000000, 0x0000000747200000, 0x0000000747200000|100%|HC|  |TAMS 0x0000000747000000| PB 0x0000000747000000| Complete 
| 542|0x0000000747200000, 0x0000000747400000, 0x0000000747400000|100%|HC|  |TAMS 0x0000000747200000| PB 0x0000000747200000| Complete 
| 543|0x0000000747400000, 0x0000000747600000, 0x0000000747600000|100%|HC|  |TAMS 0x0000000747400000| PB 0x0000000747400000| Complete 
| 544|0x0000000747600000, 0x0000000747800000, 0x0000000747800000|100%|HS|  |TAMS 0x0000000747600000| PB 0x0000000747600000| Complete 
| 545|0x0000000747800000, 0x0000000747a00000, 0x0000000747a00000|100%|HC|  |TAMS 0x0000000747800000| PB 0x0000000747800000| Complete 
| 546|0x0000000747a00000, 0x0000000747c00000, 0x0000000747c00000|100%|HC|  |TAMS 0x0000000747a00000| PB 0x0000000747a00000| Complete 
| 547|0x0000000747c00000, 0x0000000747e00000, 0x0000000747e00000|100%|HC|  |TAMS 0x0000000747c00000| PB 0x0000000747c00000| Complete 
| 548|0x0000000747e00000, 0x0000000748000000, 0x0000000748000000|100%|HS|  |TAMS 0x0000000747e00000| PB 0x0000000747e00000| Complete 
| 549|0x0000000748000000, 0x0000000748200000, 0x0000000748200000|100%|HC|  |TAMS 0x0000000748000000| PB 0x0000000748000000| Complete 
| 550|0x0000000748200000, 0x0000000748400000, 0x0000000748400000|100%|HC|  |TAMS 0x0000000748200000| PB 0x0000000748200000| Complete 
| 551|0x0000000748400000, 0x0000000748600000, 0x0000000748600000|100%|HC|  |TAMS 0x0000000748400000| PB 0x0000000748400000| Complete 
| 552|0x0000000748600000, 0x0000000748800000, 0x0000000748800000|100%|HS|  |TAMS 0x0000000748600000| PB 0x0000000748600000| Complete 
| 553|0x0000000748800000, 0x0000000748a00000, 0x0000000748a00000|100%|HC|  |TAMS 0x0000000748800000| PB 0x0000000748800000| Complete 
| 554|0x0000000748a00000, 0x0000000748c00000, 0x0000000748c00000|100%|HC|  |TAMS 0x0000000748a00000| PB 0x0000000748a00000| Complete 
| 555|0x0000000748c00000, 0x0000000748e00000, 0x0000000748e00000|100%|HC|  |TAMS 0x0000000748c00000| PB 0x0000000748c00000| Complete 
| 556|0x0000000748e00000, 0x0000000749000000, 0x0000000749000000|100%|HS|  |TAMS 0x0000000748e00000| PB 0x0000000748e00000| Complete 
| 557|0x0000000749000000, 0x0000000749200000, 0x0000000749200000|100%|HC|  |TAMS 0x0000000749000000| PB 0x0000000749000000| Complete 
| 558|0x0000000749200000, 0x0000000749400000, 0x0000000749400000|100%|HC|  |TAMS 0x0000000749200000| PB 0x0000000749200000| Complete 
| 559|0x0000000749400000, 0x0000000749600000, 0x0000000749600000|100%|HC|  |TAMS 0x0000000749400000| PB 0x0000000749400000| Complete 
| 560|0x0000000749600000, 0x0000000749800000, 0x0000000749800000|100%|HS|  |TAMS 0x0000000749600000| PB 0x0000000749600000| Complete 
| 561|0x0000000749800000, 0x0000000749a00000, 0x0000000749a00000|100%|HC|  |TAMS 0x0000000749800000| PB 0x0000000749800000| Complete 
| 562|0x0000000749a00000, 0x0000000749c00000, 0x0000000749c00000|100%|HC|  |TAMS 0x0000000749a00000| PB 0x0000000749a00000| Complete 
| 563|0x0000000749c00000, 0x0000000749e00000, 0x0000000749e00000|100%|HC|  |TAMS 0x0000000749c00000| PB 0x0000000749c00000| Complete 
| 564|0x0000000749e00000, 0x000000074a000000, 0x000000074a000000|100%|HS|  |TAMS 0x0000000749e00000| PB 0x0000000749e00000| Complete 
| 565|0x000000074a000000, 0x000000074a200000, 0x000000074a200000|100%|HC|  |TAMS 0x000000074a000000| PB 0x000000074a000000| Complete 
| 566|0x000000074a200000, 0x000000074a400000, 0x000000074a400000|100%|HC|  |TAMS 0x000000074a200000| PB 0x000000074a200000| Complete 
| 567|0x000000074a400000, 0x000000074a600000, 0x000000074a600000|100%|HC|  |TAMS 0x000000074a400000| PB 0x000000074a400000| Complete 
| 568|0x000000074a600000, 0x000000074a600000, 0x000000074a800000|  0%| F|  |TAMS 0x000000074a600000| PB 0x000000074a600000| Untracked 
| 569|0x000000074a800000, 0x000000074a800000, 0x000000074aa00000|  0%| F|  |TAMS 0x000000074a800000| PB 0x000000074a800000| Untracked 
| 570|0x000000074aa00000, 0x000000074aa00000, 0x000000074ac00000|  0%| F|  |TAMS 0x000000074aa00000| PB 0x000000074aa00000| Untracked 
|2018|0x00000007ffa00000, 0x00000007ffc00000, 0x00000007ffc00000|100%| E|CS|TAMS 0x00000007ffa00000| PB 0x00000007ffa00000| Complete 
|2019|0x00000007ffc00000, 0x00000007ffe00000, 0x00000007ffe00000|100%| E|CS|TAMS 0x00000007ffc00000| PB 0x00000007ffc00000| Complete 
|2020|0x00000007ffe00000, 0x0000000800000000, 0x0000000800000000|100%| E|CS|TAMS 0x00000007ffe00000| PB 0x00000007ffe00000| Complete 

Card table byte_map: [0x0000014bfd3a0000,0x0000014bfdb90000] _byte_map_base: 0x0000014bf9b85000

Marking Bits: (CMBitMap*) 0x0000014be460d340
 Bits: [0x0000014b80000000, 0x0000014b83f28000)

Polling page: 0x0000014be2530000

Metaspace:

Usage:
  Non-class:     89.65 MB used.
      Class:     11.17 MB used.
       Both:    100.82 MB used.

Virtual space:
  Non-class space:      128.00 MB reserved,      90.50 MB ( 71%) committed,  2 nodes.
      Class space:        1.00 GB reserved,      11.88 MB (  1%) committed,  1 nodes.
             Both:        1.12 GB reserved,     102.38 MB (  9%) committed. 

Chunk freelists:
   Non-Class:  5.01 MB
       Class:  4.24 MB
        Both:  9.25 MB

MaxMetaspaceSize: unlimited
CompressedClassSpaceSize: 1.00 GB
Initial GC threshold: 21.00 MB
Current GC threshold: 170.44 MB
CDS: off
 - commit_granule_bytes: 65536.
 - commit_granule_words: 8192.
 - virtual_space_node_default_size: 8388608.
 - enlarge_chunks_in_place: 1.
 - use_allocation_guard: 0.


Internal statistics:

num_allocs_failed_limit: 9.
num_arena_births: 1306.
num_arena_deaths: 576.
num_vsnodes_births: 3.
num_vsnodes_deaths: 0.
num_space_committed: 1638.
num_space_uncommitted: 0.
num_chunks_returned_to_freelist: 727.
num_chunks_taken_from_freelist: 4258.
num_chunk_merges: 199.
num_chunk_splits: 2848.
num_chunks_enlarged: 1886.
num_inconsistent_stats: 0.

CodeHeap 'non-profiled nmethods': size=120000Kb used=9375Kb max_used=10133Kb free=110624Kb
 bounds [0x0000014bf5350000, 0x0000014bf5d60000, 0x0000014bfc880000]
CodeHeap 'profiled nmethods': size=120000Kb used=15944Kb max_used=23673Kb free=104055Kb
 bounds [0x0000014bed880000, 0x0000014beefc0000, 0x0000014bf4db0000]
CodeHeap 'non-nmethods': size=5760Kb used=2239Kb max_used=2307Kb free=3520Kb
 bounds [0x0000014bf4db0000, 0x0000014bf5020000, 0x0000014bf5350000]
CodeCache: size=245760Kb, used=27558Kb, max_used=36113Kb, free=218199Kb
 total_blobs=8685, nmethods=7587, adapters=998, full_count=0
Compilation: enabled, stopped_count=0, restarted_count=0

Compilation events (20 events):
Event: 41854.600 Thread 0x0000014b846565c0 17192       3       java.awt.image.ColorModel::<init> (309 bytes)
Event: 41854.601 Thread 0x0000014b846565c0 nmethod 17192 0x0000014bee4d4e10 code [0x0000014bee4d50a0, 0x0000014bee4d5d68]
Event: 41854.603 Thread 0x0000014b8462b510 17193       4       sun.java2d.pipe.DrawImage::isSimpleTranslate (31 bytes)
Event: 41854.604 Thread 0x0000014b8462b510 nmethod 17193 0x0000014bf5cfed90 code [0x0000014bf5cfef20, 0x0000014bf5cfefc8]
Event: 41854.728 Thread 0x0000014b846565c0 17194       1       java.awt.image.IndexColorModel::getTransparency (5 bytes)
Event: 41854.728 Thread 0x0000014b846565c0 nmethod 17194 0x0000014bf5cfea90 code [0x0000014bf5cfec20, 0x0000014bf5cfece8]
Event: 41854.834 Thread 0x0000014b8462b510 17195       4       java.awt.geom.AffineTransform::getDeterminant (99 bytes)
Event: 41854.835 Thread 0x0000014b8462b510 nmethod 17195 0x0000014bf5cfe690 code [0x0000014bf5cfe840, 0x0000014bf5cfe928]
Event: 41854.880 Thread 0x0000014b8462b510 17196       4       javax.swing.RepaintManager$PaintManager::getValidImage (24 bytes)
Event: 41854.881 Thread 0x0000014b8462b510 nmethod 17196 0x0000014bf5c3ee90 code [0x0000014bf5c3f020, 0x0000014bf5c3f120]
Event: 41854.881 Thread 0x0000014b8462b510 17197       4       sun.awt.image.SunVolatileImage::validate (9 bytes)
Event: 41854.882 Thread 0x0000014b8462b510 nmethod 17197 0x0000014bf5c3ea90 code [0x0000014bf5c3ec20, 0x0000014bf5c3ed38]
Event: 41854.882 Thread 0x0000014b8462b510 17198   !   4       sun.awt.image.VolatileSurfaceManager::validate (213 bytes)
Event: 41854.883 Thread 0x0000014b8462b510 nmethod 17198 0x0000014bf5c3e710 code [0x0000014bf5c3e8a0, 0x0000014bf5c3e9a0]
Event: 41854.892 Thread 0x0000014b8462b510 17199       4       sun.awt.image.BufImgSurfaceData::initSolidLoops (12 bytes)
Event: 41854.897 Thread 0x0000014b8462b510 nmethod 17199 0x0000014bf5600a90 code [0x0000014bf5600c80, 0x0000014bf56016a0]
Event: 41854.902 Thread 0x0000014b846565c0 17200       3       sun.awt.image.BufImgSurfaceData::createData (909 bytes)
Event: 41854.904 Thread 0x0000014b846565c0 nmethod 17200 0x0000014bee05e910 code [0x0000014bee05ee80, 0x0000014bee061eb8]
Event: 41854.958 Thread 0x0000014b8462b510 17201       4       javax.swing.DefaultButtonModel::isEnabled (16 bytes)
Event: 41854.958 Thread 0x0000014b8462b510 nmethod 17201 0x0000014bf5c3e410 code [0x0000014bf5c3e5a0, 0x0000014bf5c3e638]

GC Heap History (20 events):
Event: 170.129 GC heap before
{Heap before GC invocations=85 (full 0):
 garbage-first heap   total 415744K, used 391208K [0x0000000703600000, 0x0000000800000000)
  region size 2048K, 117 young (239616K), 2 survivors (4096K)
 Metaspace       used 102519K, committed 103872K, reserved 1179648K
  class space    used 11486K, committed 12096K, reserved 1048576K
}
Event: 170.131 GC heap after
{Heap after GC invocations=86 (full 0):
 garbage-first heap   total 415744K, used 155803K [0x0000000703600000, 0x0000000800000000)
  region size 2048K, 2 young (4096K), 2 survivors (4096K)
 Metaspace       used 102519K, committed 103872K, reserved 1179648K
  class space    used 11486K, committed 12096K, reserved 1048576K
}
Event: 186.136 GC heap before
{Heap before GC invocations=86 (full 0):
 garbage-first heap   total 415744K, used 391323K [0x0000000703600000, 0x0000000800000000)
  region size 2048K, 117 young (239616K), 2 survivors (4096K)
 Metaspace       used 102824K, committed 104064K, reserved 1179648K
  class space    used 11522K, committed 12096K, reserved 1048576K
}
Event: 186.138 GC heap after
{Heap after GC invocations=87 (full 0):
 garbage-first heap   total 415744K, used 156138K [0x0000000703600000, 0x0000000800000000)
  region size 2048K, 3 young (6144K), 3 survivors (6144K)
 Metaspace       used 102824K, committed 104064K, reserved 1179648K
  class space    used 11522K, committed 12096K, reserved 1048576K
}
Event: 41578.176 GC heap before
{Heap before GC invocations=87 (full 0):
 garbage-first heap   total 415744K, used 389610K [0x0000000703600000, 0x0000000800000000)
  region size 2048K, 117 young (239616K), 3 survivors (6144K)
 Metaspace       used 103177K, committed 104512K, reserved 1179648K
  class space    used 11545K, committed 12160K, reserved 1048576K
}
Event: 41578.180 GC heap after
{Heap after GC invocations=88 (full 0):
 garbage-first heap   total 415744K, used 157488K [0x0000000703600000, 0x0000000800000000)
  region size 2048K, 3 young (6144K), 3 survivors (6144K)
 Metaspace       used 103177K, committed 104512K, reserved 1179648K
  class space    used 11545K, committed 12160K, reserved 1048576K
}
Event: 41586.371 GC heap before
{Heap before GC invocations=89 (full 0):
 garbage-first heap   total 415744K, used 390960K [0x0000000703600000, 0x0000000800000000)
  region size 2048K, 117 young (239616K), 3 survivors (6144K)
 Metaspace       used 102758K, committed 104576K, reserved 1179648K
  class space    used 11421K, committed 12160K, reserved 1048576K
}
Event: 41586.373 GC heap after
{Heap after GC invocations=90 (full 0):
 garbage-first heap   total 415744K, used 157325K [0x0000000703600000, 0x0000000800000000)
  region size 2048K, 3 young (6144K), 3 survivors (6144K)
 Metaspace       used 102758K, committed 104576K, reserved 1179648K
  class space    used 11421K, committed 12160K, reserved 1048576K
}
Event: 41587.277 GC heap before
{Heap before GC invocations=90 (full 0):
 garbage-first heap   total 415744K, used 390797K [0x0000000703600000, 0x0000000800000000)
  region size 2048K, 117 young (239616K), 3 survivors (6144K)
 Metaspace       used 102772K, committed 104576K, reserved 1179648K
  class space    used 11421K, committed 12160K, reserved 1048576K
}
Event: 41587.280 GC heap after
{Heap after GC invocations=91 (full 0):
 garbage-first heap   total 415744K, used 156128K [0x0000000703600000, 0x0000000800000000)
  region size 2048K, 3 young (6144K), 3 survivors (6144K)
 Metaspace       used 102772K, committed 104576K, reserved 1179648K
  class space    used 11421K, committed 12160K, reserved 1048576K
}
Event: 41588.348 GC heap before
{Heap before GC invocations=91 (full 0):
 garbage-first heap   total 415744K, used 391648K [0x0000000703600000, 0x0000000800000000)
  region size 2048K, 118 young (241664K), 3 survivors (6144K)
 Metaspace       used 102773K, committed 104576K, reserved 1179648K
  class space    used 11421K, committed 12160K, reserved 1048576K
}
Event: 41588.350 GC heap after
{Heap after GC invocations=92 (full 0):
 garbage-first heap   total 415744K, used 156195K [0x0000000703600000, 0x0000000800000000)
  region size 2048K, 3 young (6144K), 3 survivors (6144K)
 Metaspace       used 102773K, committed 104576K, reserved 1179648K
  class space    used 11421K, committed 12160K, reserved 1048576K
}
Event: 41605.358 GC heap before
{Heap before GC invocations=93 (full 0):
 garbage-first heap   total 415744K, used 391715K [0x0000000703600000, 0x0000000800000000)
  region size 2048K, 118 young (241664K), 3 survivors (6144K)
 Metaspace       used 102772K, committed 104576K, reserved 1179648K
  class space    used 11420K, committed 12160K, reserved 1048576K
}
Event: 41605.360 GC heap after
{Heap after GC invocations=94 (full 0):
 garbage-first heap   total 415744K, used 156078K [0x0000000703600000, 0x0000000800000000)
  region size 2048K, 3 young (6144K), 3 survivors (6144K)
 Metaspace       used 102772K, committed 104576K, reserved 1179648K
  class space    used 11420K, committed 12160K, reserved 1048576K
}
Event: 41760.862 GC heap before
{Heap before GC invocations=94 (full 0):
 garbage-first heap   total 415744K, used 391598K [0x0000000703600000, 0x0000000800000000)
  region size 2048K, 118 young (241664K), 3 survivors (6144K)
 Metaspace       used 102826K, committed 104576K, reserved 1179648K
  class space    used 11422K, committed 12160K, reserved 1048576K
}
Event: 41760.866 GC heap after
{Heap after GC invocations=95 (full 0):
 garbage-first heap   total 415744K, used 155738K [0x0000000703600000, 0x0000000800000000)
  region size 2048K, 3 young (6144K), 3 survivors (6144K)
 Metaspace       used 102826K, committed 104576K, reserved 1179648K
  class space    used 11422K, committed 12160K, reserved 1048576K
}
Event: 41809.716 GC heap before
{Heap before GC invocations=95 (full 0):
 garbage-first heap   total 415744K, used 391258K [0x0000000703600000, 0x0000000800000000)
  region size 2048K, 118 young (241664K), 3 survivors (6144K)
 Metaspace       used 103096K, committed 104704K, reserved 1179648K
  class space    used 11437K, committed 12160K, reserved 1048576K
}
Event: 41809.727 GC heap after
{Heap after GC invocations=96 (full 0):
 garbage-first heap   total 415744K, used 157062K [0x0000000703600000, 0x0000000800000000)
  region size 2048K, 4 young (8192K), 4 survivors (8192K)
 Metaspace       used 103096K, committed 104704K, reserved 1179648K
  class space    used 11437K, committed 12160K, reserved 1048576K
}
Event: 41846.812 GC heap before
{Heap before GC invocations=97 (full 0):
 garbage-first heap   total 415744K, used 390534K [0x0000000703600000, 0x0000000800000000)
  region size 2048K, 118 young (241664K), 4 survivors (8192K)
 Metaspace       used 103199K, committed 104832K, reserved 1179648K
  class space    used 11437K, committed 12160K, reserved 1048576K
}
Event: 41846.819 GC heap after
{Heap after GC invocations=98 (full 0):
 garbage-first heap   total 415744K, used 158623K [0x0000000703600000, 0x0000000800000000)
  region size 2048K, 4 young (8192K), 4 survivors (8192K)
 Metaspace       used 103199K, committed 104832K, reserved 1179648K
  class space    used 11437K, committed 12160K, reserved 1048576K
}

Dll operation events (20 events):
Event: 0.086 Loaded shared library C:\stm\jre\bin\java.dll
Event: 0.160 Loaded shared library C:\stm\jre\bin\jsvml.dll
Event: 0.215 Loaded shared library C:\stm\jre\bin\net.dll
Event: 0.247 Loaded shared library C:\stm\jre\bin\nio.dll
Event: 0.302 Loaded shared library C:\stm\jre\bin\zip.dll
Event: 0.333 Loaded shared library C:\stm\jre\bin\jimage.dll
Event: 0.557 Loaded shared library C:\stm\jre\bin\management.dll
Event: 0.614 Loaded shared library C:\stm\jre\bin\management_ext.dll
Event: 1.342 Loaded shared library C:\stm\jre\bin\awt.dll
Event: 1.610 Loaded shared library C:\stm\jre\bin\freetype.dll
Event: 1.641 Loaded shared library C:\stm\jre\bin\fontmanager.dll
Event: 1.874 Loaded shared library C:\stm\jre\bin\verify.dll
Event: 2.009 Loaded shared library C:\stm\jre\bin\prefs.dll
Event: 2.114 Loaded shared library C:\Users\ºî¾üÇÙ\AppData\Local\Temp\jna-20280808\jna5811923032864641162.dll
Event: 8.951 Loaded shared library C:\stm\jre\bin\sunmscapi.dll
Event: 9.383 Loaded shared library C:\stm\jre\bin\extnet.dll
Event: 10.042 Loaded shared library C:\stm\jre\bin\javajpeg.dll
Event: 11.388 Loaded shared library C:\Users\ºî¾üÇÙ\.stm32cubemx\.jxbrowser-8.15.0\Chromium\toolkit64.dll
Event: 11.665 Loaded shared library C:\Users\ºî¾üÇÙ\.stm32cubemx\.jxbrowser-8.15.0\Chromium\ipc64.dll
Event: 18.516 Loaded shared library C:\Users\ºî¾üÇÙ\AppData\Local\Temp\sqlite-3.49.1.0-1ee01dce-976f-4457-bf01-11b29f8e3609-sqlitejdbc.dll

Deoptimization events (20 events):
Event: 41853.618 Thread 0x0000014b8962fc10 Uncommon trap: trap_request=0xffffff45 fr.pc=0x0000014bf5c6218c relative=0x000000000000030c
Event: 41853.618 Thread 0x0000014b8962fc10 Uncommon trap: reason=unstable_if action=reinterpret pc=0x0000014bf5c6218c method=java.awt.geom.AffineTransform.concatenate(Ljava/awt/geom/AffineTransform;)V @ 19 c2
Event: 41853.618 Thread 0x0000014b8962fc10 DEOPT PACKING pc=0x0000014bf5c6218c sp=0x0000004a6c4fd540
Event: 41853.618 Thread 0x0000014b8962fc10 DEOPT UNPACKING pc=0x0000014bf4e07ba2 sp=0x0000004a6c4fd480 mode 2
Event: 41853.618 Thread 0x0000014b8962fc10 Uncommon trap: trap_request=0xffffff45 fr.pc=0x0000014bf5629c38 relative=0x0000000000000bd8
Event: 41853.618 Thread 0x0000014b8962fc10 Uncommon trap: reason=unstable_if action=reinterpret pc=0x0000014bf5629c38 method=sun.awt.image.BufImgSurfaceData.createData(Ljava/awt/image/BufferedImage;DD)Lsun/java2d/SurfaceData; @ 28 c2
Event: 41853.618 Thread 0x0000014b8962fc10 DEOPT PACKING pc=0x0000014bf5629c38 sp=0x0000004a6c4fd390
Event: 41853.618 Thread 0x0000014b8962fc10 DEOPT UNPACKING pc=0x0000014bf4e07ba2 sp=0x0000004a6c4fd308 mode 2
Event: 41853.618 Thread 0x0000014b8962fc10 Uncommon trap: trap_request=0xffffff45 fr.pc=0x0000014bf5b77bb8 relative=0x0000000000000278
Event: 41853.618 Thread 0x0000014b8962fc10 Uncommon trap: reason=unstable_if action=reinterpret pc=0x0000014bf5b77bb8 method=sun.awt.image.BufImgSurfaceData.getSolidLoops(Lsun/java2d/loops/SurfaceType;)Lsun/java2d/loops/RenderLoops; @ 3 c2
Event: 41853.618 Thread 0x0000014b8962fc10 DEOPT PACKING pc=0x0000014bf5b77bb8 sp=0x0000004a6c4fd280
Event: 41853.618 Thread 0x0000014b8962fc10 DEOPT UNPACKING pc=0x0000014bf4e07ba2 sp=0x0000004a6c4fd220 mode 2
Event: 41853.619 Thread 0x0000014b8962fc10 Uncommon trap: trap_request=0xffffff45 fr.pc=0x0000014bf5cf3eac relative=0x0000000000000ecc
Event: 41853.619 Thread 0x0000014b8962fc10 Uncommon trap: reason=unstable_if action=reinterpret pc=0x0000014bf5cf3eac method=sun.java2d.loops.TransformHelper.getFromCache(Lsun/java2d/loops/SurfaceType;)Lsun/java2d/loops/TransformHelper; @ 11 c2
Event: 41853.619 Thread 0x0000014b8962fc10 DEOPT PACKING pc=0x0000014bf5cf3eac sp=0x0000004a6c4fd420
Event: 41853.619 Thread 0x0000014b8962fc10 DEOPT UNPACKING pc=0x0000014bf4e07ba2 sp=0x0000004a6c4fd348 mode 2
Event: 41853.719 Thread 0x0000014b8962fc10 Uncommon trap: trap_request=0xffffff45 fr.pc=0x0000014bf5604d74 relative=0x0000000000000454
Event: 41853.719 Thread 0x0000014b8962fc10 Uncommon trap: reason=unstable_if action=reinterpret pc=0x0000014bf5604d74 method=javax.swing.text.FieldView.adjustAllocation(Ljava/awt/Shape;)Ljava/awt/Shape; @ 31 c2
Event: 41853.719 Thread 0x0000014b8962fc10 DEOPT PACKING pc=0x0000014bf5604d74 sp=0x0000004a6c4fec10
Event: 41853.719 Thread 0x0000014b8962fc10 DEOPT UNPACKING pc=0x0000014bf4e07ba2 sp=0x0000004a6c4feb70 mode 2

Classes loaded (20 events):
Event: 41585.490 Loading class java/time/format/DateTimeFormatterBuilder$2
Event: 41585.491 Loading class java/time/format/DateTimeFormatterBuilder$2 done
Event: 41756.590 Loading class sun/awt/DebugSettings
Event: 41756.622 Loading class sun/awt/DebugSettings done
Event: 41756.623 Loading class javax/swing/JComponent$KeyboardState
Event: 41756.623 Loading class javax/swing/JComponent$KeyboardState done
Event: 41756.623 Loading class javax/swing/JComponent$IntVector
Event: 41756.624 Loading class javax/swing/JComponent$IntVector done
Event: 41795.383 Loading class javax/swing/JScrollPane$AccessibleJScrollPane
Event: 41795.415 Loading class javax/swing/JScrollPane$AccessibleJScrollPane done
Event: 41795.415 Loading class javax/accessibility/AccessibleRelation
Event: 41795.415 Loading class javax/accessibility/AccessibleBundle
Event: 41795.416 Loading class javax/accessibility/AccessibleBundle done
Event: 41795.416 Loading class javax/accessibility/AccessibleRelation done
Event: 41795.416 Loading class javax/accessibility/AccessibleBundle$1
Event: 41795.416 Loading class sun/awt/AWTAccessor$AccessibleBundleAccessor
Event: 41795.416 Loading class sun/awt/AWTAccessor$AccessibleBundleAccessor done
Event: 41795.416 Loading class javax/accessibility/AccessibleBundle$1 done
Event: 41795.416 Loading class javax/swing/JScrollBar$AccessibleJScrollBar
Event: 41795.416 Loading class javax/swing/JScrollBar$AccessibleJScrollBar done

Classes unloaded (20 events):
Event: 41578.267 Thread 0x0000014b84598b30 Unloading class 0x0000000800183c00 'java/lang/invoke/LambdaForm$DMH+0x0000000800183c00'
Event: 41578.267 Thread 0x0000014b84598b30 Unloading class 0x0000000800182c00 'java/lang/invoke/LambdaForm$MH+0x0000000800182c00'
Event: 41578.267 Thread 0x0000014b84598b30 Unloading class 0x0000000800182000 'java/lang/invoke/LambdaForm$MH+0x0000000800182000'
Event: 41578.267 Thread 0x0000014b84598b30 Unloading class 0x0000000800181c00 'java/lang/invoke/LambdaForm$MH+0x0000000800181c00'
Event: 41578.267 Thread 0x0000014b84598b30 Unloading class 0x0000000800181800 'java/lang/invoke/LambdaForm$MH+0x0000000800181800'
Event: 41578.267 Thread 0x0000014b84598b30 Unloading class 0x0000000800181000 'java/lang/invoke/LambdaForm$MH+0x0000000800181000'
Event: 41578.267 Thread 0x0000014b84598b30 Unloading class 0x0000000800180400 'java/lang/invoke/LambdaForm$MH+0x0000000800180400'
Event: 41578.267 Thread 0x0000014b84598b30 Unloading class 0x000000080012f800 'java/lang/invoke/LambdaForm$MH+0x000000080012f800'
Event: 41578.267 Thread 0x0000014b84598b30 Unloading class 0x000000080012f400 'java/lang/invoke/LambdaForm$MH+0x000000080012f400'
Event: 41578.267 Thread 0x0000014b84598b30 Unloading class 0x000000080012ec00 'java/lang/invoke/LambdaForm$MH+0x000000080012ec00'
Event: 41578.267 Thread 0x0000014b84598b30 Unloading class 0x000000080012e400 'java/lang/invoke/LambdaForm$MH+0x000000080012e400'
Event: 41578.267 Thread 0x0000014b84598b30 Unloading class 0x000000080012dc00 'java/lang/invoke/LambdaForm$MH+0x000000080012dc00'
Event: 41578.267 Thread 0x0000014b84598b30 Unloading class 0x000000080012d400 'java/lang/invoke/LambdaForm$MH+0x000000080012d400'
Event: 41578.267 Thread 0x0000014b84598b30 Unloading class 0x000000080012cc00 'java/lang/invoke/LambdaForm$MH+0x000000080012cc00'
Event: 41578.267 Thread 0x0000014b84598b30 Unloading class 0x0000000800124800 'java/lang/invoke/LambdaForm$MH+0x0000000800124800'
Event: 41578.267 Thread 0x0000014b84598b30 Unloading class 0x0000000800124400 'java/lang/invoke/LambdaForm$MH+0x0000000800124400'
Event: 41578.267 Thread 0x0000014b84598b30 Unloading class 0x0000000800124000 'java/lang/invoke/LambdaForm$MH+0x0000000800124000'
Event: 41578.267 Thread 0x0000014b84598b30 Unloading class 0x000000080011c800 'java/lang/invoke/LambdaForm$MH+0x000000080011c800'
Event: 41578.267 Thread 0x0000014b84598b30 Unloading class 0x00000008000cc400 'java/lang/invoke/LambdaForm$MH+0x00000008000cc400'
Event: 41588.412 Thread 0x0000014b84598b30 Unloading class 0x0000000800b55c00 'java/lang/invoke/LambdaForm$MH+0x0000000800b55c00'

Classes redefined (0 events):
No events

Internal exceptions (20 events):
Event: 41585.497 Thread 0x0000014b8c2ea2b0 Exception <a 'java/io/IOException'{0x000000070f600078}> (0x000000070f600078) 
thrown [s\src\hotspot\share\prims\jni.cpp, line 520]
Event: 41613.028 Thread 0x0000014b8962fc10 Implicit null exception at 0x0000014bf5829619 to 0x0000014bf5829854
Event: 41743.437 Thread 0x0000014b8962fc10 Implicit null exception at 0x0000014bf5c7c958 to 0x0000014bf5c7da20
Event: 41743.438 Thread 0x0000014b8962fc10 Implicit null exception at 0x0000014bf598c73d to 0x0000014bf598ca80
Event: 41760.988 Thread 0x0000014b8962fc10 Implicit null exception at 0x0000014bf5a02b71 to 0x0000014bf5a0316c
Event: 41761.018 Thread 0x0000014b8962fc10 Implicit null exception at 0x0000014bf5be1aba to 0x0000014bf5be1b4c
Event: 41795.419 Thread 0x0000014b8962fc10 Exception <a 'java/io/IOException'{0x00000007132c3f18}> (0x00000007132c3f18) 
thrown [s\src\hotspot\share\prims\jni.cpp, line 520]
Event: 41795.420 Thread 0x0000014b8962fc10 Exception <a 'java/io/IOException'{0x00000007132c4a38}> (0x00000007132c4a38) 
thrown [s\src\hotspot\share\prims\jni.cpp, line 520]
Event: 41808.602 Thread 0x0000014b8962fc10 Exception <a 'java/io/IOException'{0x000000070ef66088}> (0x000000070ef66088) 
thrown [s\src\hotspot\share\prims\jni.cpp, line 520]
Event: 41808.602 Thread 0x0000014b8962fc10 Exception <a 'java/io/IOException'{0x000000070ef66ba8}> (0x000000070ef66ba8) 
thrown [s\src\hotspot\share\prims\jni.cpp, line 520]
Event: 41816.027 Thread 0x0000014b8962fc10 Exception <a 'java/io/IOException'{0x000000071aa2fe70}> (0x000000071aa2fe70) 
thrown [s\src\hotspot\share\prims\jni.cpp, line 520]
Event: 41816.027 Thread 0x0000014b8962fc10 Exception <a 'java/io/IOException'{0x000000071aa30990}> (0x000000071aa30990) 
thrown [s\src\hotspot\share\prims\jni.cpp, line 520]
Event: 41829.028 Thread 0x0000014b8962fc10 Exception <a 'java/io/IOException'{0x0000000716823f88}> (0x0000000716823f88) 
thrown [s\src\hotspot\share\prims\jni.cpp, line 520]
Event: 41829.028 Thread 0x0000014b8962fc10 Exception <a 'java/io/IOException'{0x0000000716824aa8}> (0x0000000716824aa8) 
thrown [s\src\hotspot\share\prims\jni.cpp, line 520]
Event: 41835.212 Thread 0x0000014b8962fc10 Exception <a 'java/io/IOException'{0x00000007140439c0}> (0x00000007140439c0) 
thrown [s\src\hotspot\share\prims\jni.cpp, line 520]
Event: 41835.212 Thread 0x0000014b8962fc10 Exception <a 'java/io/IOException'{0x00000007140444e0}> (0x00000007140444e0) 
thrown [s\src\hotspot\share\prims\jni.cpp, line 520]
Event: 41841.605 Thread 0x0000014b8962fc10 Exception <a 'java/io/IOException'{0x000000071006d6b8}> (0x000000071006d6b8) 
thrown [s\src\hotspot\share\prims\jni.cpp, line 520]
Event: 41841.605 Thread 0x0000014b8962fc10 Exception <a 'java/io/IOException'{0x000000071006e1d8}> (0x000000071006e1d8) 
thrown [s\src\hotspot\share\prims\jni.cpp, line 520]
Event: 41846.850 Thread 0x0000014b8962fc10 Exception <a 'java/io/IOException'{0x000000071bff3790}> (0x000000071bff3790) 
thrown [s\src\hotspot\share\prims\jni.cpp, line 520]
Event: 41846.850 Thread 0x0000014b8962fc10 Exception <a 'java/io/IOException'{0x000000071bff42b0}> (0x000000071bff42b0) 
thrown [s\src\hotspot\share\prims\jni.cpp, line 520]

ZGC Phase Switch (0 events):
No events

VM Operations (20 events):
Event: 41843.177 Executing VM operation: Cleanup
Event: 41843.177 Executing VM operation: Cleanup done
Event: 41845.191 Executing VM operation: Cleanup
Event: 41845.191 Executing VM operation: Cleanup done
Event: 41846.811 Executing VM operation: G1CollectForAllocation (G1 Evacuation Pause)
Event: 41846.819 Executing VM operation: G1CollectForAllocation (G1 Evacuation Pause) done
Event: 41847.821 Executing VM operation: Cleanup
Event: 41847.821 Executing VM operation: Cleanup done
Event: 41848.835 Executing VM operation: Cleanup
Event: 41848.835 Executing VM operation: Cleanup done
Event: 41850.857 Executing VM operation: Cleanup
Event: 41850.857 Executing VM operation: Cleanup done
Event: 41851.871 Executing VM operation: Cleanup
Event: 41851.871 Executing VM operation: Cleanup done
Event: 41852.886 Executing VM operation: Cleanup
Event: 41852.886 Executing VM operation: Cleanup done
Event: 41853.886 Executing VM operation: Cleanup
Event: 41853.886 Executing VM operation: Cleanup done
Event: 41854.887 Executing VM operation: Cleanup
Event: 41854.887 Executing VM operation: Cleanup done

Memory protections (0 events):
No events

Nmethod flushes (20 events):
Event: 41809.828 Thread 0x0000014b84598b30 flushing  nmethod 0x0000014bed976b10
Event: 41809.828 Thread 0x0000014b84598b30 flushing  nmethod 0x0000014bed9bf810
Event: 41809.828 Thread 0x0000014b84598b30 flushing  nmethod 0x0000014bedc2c210
Event: 41809.828 Thread 0x0000014b84598b30 flushing  nmethod 0x0000014bedd3f390
Event: 41809.828 Thread 0x0000014b84598b30 flushing  nmethod 0x0000014bee83ac10
Event: 41809.828 Thread 0x0000014b84598b30 flushing  nmethod 0x0000014bf535c890
Event: 41809.828 Thread 0x0000014b84598b30 flushing  nmethod 0x0000014bf5532810
Event: 41809.828 Thread 0x0000014b84598b30 flushing  nmethod 0x0000014beea10610
Event: 41809.828 Thread 0x0000014b84598b30 flushing  nmethod 0x0000014beecfb710
Event: 41809.828 Thread 0x0000014b84598b30 flushing  nmethod 0x0000014beecfc590
Event: 41809.828 Thread 0x0000014b84598b30 flushing  nmethod 0x0000014bf56f6410
Event: 41809.828 Thread 0x0000014b84598b30 flushing  nmethod 0x0000014bedcc1f90
Event: 41809.828 Thread 0x0000014b84598b30 flushing  nmethod 0x0000014bee5f3910
Event: 41809.828 Thread 0x0000014b84598b30 flushing  nmethod 0x0000014bf5ae6090
Event: 41809.828 Thread 0x0000014b84598b30 flushing  nmethod 0x0000014beec07310
Event: 41809.828 Thread 0x0000014b84598b30 flushing  nmethod 0x0000014bedbc0410
Event: 41809.828 Thread 0x0000014b84598b30 flushing  nmethod 0x0000014bee710e90
Event: 41809.828 Thread 0x0000014b84598b30 flushing  nmethod 0x0000014bee884990
Event: 41809.828 Thread 0x0000014b84598b30 flushing  nmethod 0x0000014beda78c10
Event: 41809.828 Thread 0x0000014b84598b30 flushing  nmethod 0x0000014beea8b210

Events (20 events):
Event: 41761.411 Thread 0x0000014b8eba2230 Thread exited: 0x0000014b8eba2230
Event: 41761.411 Thread 0x0000014b8eba1490 Thread exited: 0x0000014b8eba1490
Event: 41778.856 Thread 0x0000014b846565c0 Thread added: 0x0000014b8eb9ebb0
Event: 41780.337 Thread 0x0000014b8eb9ebb0 Thread exited: 0x0000014b8eb9ebb0
Event: 41795.418 Thread 0x0000014b846565c0 Thread added: 0x0000014b8eba0dc0
Event: 41796.524 Thread 0x0000014b8eba0dc0 Thread exited: 0x0000014b8eba0dc0
Event: 41808.590 Thread 0x0000014b846565c0 Thread added: 0x0000014b8eb9ebb0
Event: 41808.602 Thread 0x0000014b846565c0 Thread added: 0x0000014b8eba0020
Event: 41809.728 Thread 0x0000014b8eba0020 Thread exited: 0x0000014b8eba0020
Event: 41810.569 Thread 0x0000014b8eb9ebb0 Thread exited: 0x0000014b8eb9ebb0
Event: 41816.027 Thread 0x0000014b846565c0 Thread added: 0x0000014b8eb9c9a0
Event: 41817.038 Thread 0x0000014b8eb9c9a0 Thread exited: 0x0000014b8eb9c9a0
Event: 41835.238 Thread 0x0000014b846565c0 Thread added: 0x0000014b8eba0dc0
Event: 41836.705 Thread 0x0000014b8eba0dc0 Thread exited: 0x0000014b8eba0dc0
Event: 41841.617 Thread 0x0000014b846565c0 Thread added: 0x0000014b8eb9d740
Event: 41842.945 Thread 0x0000014b8eb9d740 Thread exited: 0x0000014b8eb9d740
Event: 41846.853 Thread 0x0000014b846565c0 Thread added: 0x0000014b8eba0020
Event: 41848.432 Thread 0x0000014b8eba0020 Thread exited: 0x0000014b8eba0020
Event: 41853.619 Thread 0x0000014b846565c0 Thread added: 0x0000014b8eb9e4e0
Event: 41853.794 Thread 0x0000014b8eb9e4e0 Thread exited: 0x0000014b8eb9e4e0


Dynamic libraries:
0x00007ff6f6af0000 - 0x00007ff6f6afe000 	C:\stm\jre\bin\javaw.exe
0x00007ffab78f0000 - 0x00007ffab7b07000 	C:\Windows\SYSTEM32\ntdll.dll
0x00007ffab7550000 - 0x00007ffab7614000 	C:\Windows\System32\KERNEL32.DLL
0x00007ffab4c70000 - 0x00007ffab5027000 	C:\Windows\System32\KERNELBASE.dll
0x00007ffab50e0000 - 0x00007ffab51f1000 	C:\Windows\System32\ucrtbase.dll
0x00007ffab0f20000 - 0x00007ffab0f3e000 	C:\stm\jre\bin\VCRUNTIME140.dll
0x00007ffaa2150000 - 0x00007ffaa2168000 	C:\stm\jre\bin\jli.dll
0x00007ffab6320000 - 0x00007ffab64cf000 	C:\Windows\System32\USER32.dll
0x00007ffab53c0000 - 0x00007ffab53e6000 	C:\Windows\System32\win32u.dll
0x00007ffab7630000 - 0x00007ffab7659000 	C:\Windows\System32\GDI32.dll
0x00007ffab52a0000 - 0x00007ffab53b8000 	C:\Windows\System32\gdi32full.dll
0x00007ffaa0490000 - 0x00007ffaa0723000 	C:\Windows\WinSxS\amd64_microsoft.windows.common-controls_6595b64144ccf1df_6.0.22621.3672_none_2713b9d173822955\COMCTL32.dll
0x00007ffab5200000 - 0x00007ffab529a000 	C:\Windows\System32\msvcp_win.dll
0x00007ffab69b0000 - 0x00007ffab6a57000 	C:\Windows\System32\msvcrt.dll
0x00007ffab7180000 - 0x00007ffab71b1000 	C:\Windows\System32\IMM32.DLL
0x00007ffab0fa0000 - 0x00007ffab0fac000 	C:\stm\jre\bin\vcruntime140_1.dll
0x00007ffa974e0000 - 0x00007ffa9756d000 	C:\stm\jre\bin\msvcp140.dll
0x00007ffa31d70000 - 0x00007ffa32b10000 	C:\stm\jre\bin\server\jvm.dll
0x00007ffab77f0000 - 0x00007ffab78a2000 	C:\Windows\System32\ADVAPI32.dll
0x00007ffab5f10000 - 0x00007ffab5fb8000 	C:\Windows\System32\sechost.dll
0x00007ffab50b0000 - 0x00007ffab50d8000 	C:\Windows\System32\bcrypt.dll
0x00007ffab76d0000 - 0x00007ffab77e4000 	C:\Windows\System32\RPCRT4.dll
0x00007ffab6740000 - 0x00007ffab67b1000 	C:\Windows\System32\WS2_32.dll
0x00007ffab4920000 - 0x00007ffab496d000 	C:\Windows\SYSTEM32\POWRPROF.dll
0x00007ffab0960000 - 0x00007ffab0994000 	C:\Windows\SYSTEM32\WINMM.dll
0x00007ffab0310000 - 0x00007ffab031a000 	C:\Windows\SYSTEM32\VERSION.dll
0x00007ffab4900000 - 0x00007ffab4913000 	C:\Windows\SYSTEM32\UMPDC.dll
0x00007ffab3c30000 - 0x00007ffab3c48000 	C:\Windows\SYSTEM32\kernel.appcore.dll
0x00007ffaa68f0000 - 0x00007ffaa68fa000 	C:\stm\jre\bin\jimage.dll
0x00007ffaa1940000 - 0x00007ffaa1b72000 	C:\Windows\SYSTEM32\DBGHELP.DLL
0x00007ffab71c0000 - 0x00007ffab754e000 	C:\Windows\System32\combase.dll
0x00007ffab68d0000 - 0x00007ffab69a7000 	C:\Windows\System32\OLEAUT32.dll
0x00007ffaa0450000 - 0x00007ffaa0482000 	C:\Windows\SYSTEM32\dbgcore.DLL
0x00007ffab5030000 - 0x00007ffab50ab000 	C:\Windows\System32\bcryptPrimitives.dll
0x00007ffaa2130000 - 0x00007ffaa2150000 	C:\stm\jre\bin\java.dll
0x00007ffab5690000 - 0x00007ffab5ef9000 	C:\Windows\System32\SHELL32.dll
0x00007ffab2b20000 - 0x00007ffab341f000 	C:\Windows\SYSTEM32\windows.storage.dll
0x00007ffab29e0000 - 0x00007ffab2b1f000 	C:\Windows\SYSTEM32\wintypes.dll
0x00007ffab5fc0000 - 0x00007ffab60b9000 	C:\Windows\System32\SHCORE.dll
0x00007ffab6ee0000 - 0x00007ffab6f3e000 	C:\Windows\System32\shlwapi.dll
0x00007ffab4b30000 - 0x00007ffab4b57000 	C:\Windows\SYSTEM32\profapi.dll
0x00007ffa973d0000 - 0x00007ffa974a7000 	C:\stm\jre\bin\jsvml.dll
0x00007ffaa17c0000 - 0x00007ffaa17d0000 	C:\stm\jre\bin\net.dll
0x00007ffab17e0000 - 0x00007ffab1916000 	C:\Windows\SYSTEM32\WINHTTP.dll
0x00007ffab40c0000 - 0x00007ffab4129000 	C:\Windows\system32\mswsock.dll
0x00007ffaa15d0000 - 0x00007ffaa15e6000 	C:\stm\jre\bin\nio.dll
0x00007ffa9aca0000 - 0x00007ffa9acb8000 	C:\stm\jre\bin\zip.dll
0x00007ffaa1620000 - 0x00007ffaa162a000 	C:\stm\jre\bin\management.dll
0x00007ffaa1100000 - 0x00007ffaa110c000 	C:\stm\jre\bin\management_ext.dll
0x00007ffab7620000 - 0x00007ffab7628000 	C:\Windows\System32\PSAPI.DLL
0x00007ffa7c0a0000 - 0x00007ffa7c0b7000 	C:\Windows\system32\napinsp.dll
0x00007ffa7c080000 - 0x00007ffa7c09b000 	C:\Windows\system32\pnrpnsp.dll
0x00007ffab36f0000 - 0x00007ffab37f2000 	C:\Windows\SYSTEM32\DNSAPI.dll
0x00007ffab3680000 - 0x00007ffab36ad000 	C:\Windows\SYSTEM32\IPHLPAPI.DLL
0x00007ffab64d0000 - 0x00007ffab64d9000 	C:\Windows\System32\NSI.dll
0x00007ffa7c010000 - 0x00007ffa7c021000 	C:\Windows\System32\winrnr.dll
0x00007ffa883b0000 - 0x00007ffa883c5000 	C:\Windows\system32\wshbth.dll
0x00007ffa7bfe0000 - 0x00007ffa7c007000 	C:\Windows\system32\nlansp_c.dll
0x00007ffab0910000 - 0x00007ffab091a000 	C:\Windows\System32\rasadhlp.dll
0x00007ffab1370000 - 0x00007ffab13f3000 	C:\Windows\System32\fwpuclnt.dll
0x00007ffa474a0000 - 0x00007ffa4762f000 	C:\stm\jre\bin\awt.dll
0x00007ffab0200000 - 0x00007ffab0297000 	C:\Windows\SYSTEM32\apphelp.dll
0x00007ffab4310000 - 0x00007ffab432b000 	C:\Windows\SYSTEM32\CRYPTSP.dll
0x00007ffab3b80000 - 0x00007ffab3bb5000 	C:\Windows\system32\rsaenh.dll
0x00007ffab41b0000 - 0x00007ffab41d8000 	C:\Windows\SYSTEM32\USERENV.dll
0x00007ffab4330000 - 0x00007ffab433c000 	C:\Windows\SYSTEM32\CRYPTBASE.dll
0x00007ffab2080000 - 0x00007ffab2131000 	C:\Windows\system32\uxtheme.dll
0x00007ffab61c0000 - 0x00007ffab6320000 	C:\Windows\System32\MSCTF.dll
0x00007ffab6590000 - 0x00007ffab6735000 	C:\Windows\System32\ole32.dll
0x00007ffab2320000 - 0x00007ffab234b000 	C:\Windows\system32\DWMAPI.DLL
0x00007ffa81ba0000 - 0x00007ffa81ca0000 	C:\Windows\system32\opengl32.dll
0x00007ffa88570000 - 0x00007ffa8859d000 	C:\Windows\SYSTEM32\GLU32.dll
0x00007ffab22d0000 - 0x00007ffab2307000 	C:\Windows\SYSTEM32\dxcore.dll
0x00007ffa77400000 - 0x00007ffa77487000 	C:\stm\jre\bin\freetype.dll
0x00007ffa74ed0000 - 0x00007ffa74fc2000 	C:\stm\jre\bin\fontmanager.dll
0x00007ffaa0fb0000 - 0x00007ffaa0fc0000 	C:\stm\jre\bin\verify.dll
0x00007ffa9a5a0000 - 0x00007ffa9a5a9000 	C:\stm\jre\bin\prefs.dll
0x00007ffa7e5a0000 - 0x00007ffa7e5e1000 	C:\Users\ºî¾üÇÙ\AppData\Local\Temp\jna-20280808\jna5811923032864641162.dll
0x00007ffa9a100000 - 0x00007ffa9a10e000 	C:\stm\jre\bin\sunmscapi.dll
0x00007ffab54b0000 - 0x00007ffab5616000 	C:\Windows\System32\CRYPT32.dll
0x00007ffab4540000 - 0x00007ffab456d000 	C:\Windows\SYSTEM32\ncrypt.dll
0x00007ffab4500000 - 0x00007ffab4537000 	C:\Windows\SYSTEM32\NTASN1.dll
0x00007ffab4370000 - 0x00007ffab4382000 	C:\Windows\SYSTEM32\MSASN1.dll
0x00007ffab4150000 - 0x00007ffab4176000 	C:\Windows\SYSTEM32\gpapi.dll
0x00007ffa979f0000 - 0x00007ffa979f9000 	C:\stm\jre\bin\extnet.dll
0x00007ffa976b0000 - 0x00007ffa976df000 	C:\stm\jre\bin\javajpeg.dll
0x00007ffab6820000 - 0x00007ffab68d0000 	C:\Windows\System32\clbcatq.dll
0x00007ffab1e10000 - 0x00007ffab1fc1000 	C:\Windows\SYSTEM32\WindowsCodecs.dll
0x00007ffa7e5f0000 - 0x00007ffa7e64e000 	C:\Windows\system32\dataexchange.dll
0x00007ffaab930000 - 0x00007ffaabbd2000 	C:\Windows\system32\twinapi.appcore.dll
0x00007ffaa7ae0000 - 0x00007ffaa7c23000 	C:\Windows\SYSTEM32\textinputframework.dll
0x00007ffa41dd0000 - 0x00007ffa41ef6000 	C:\Users\ºî¾üÇÙ\.stm32cubemx\.jxbrowser-8.15.0\Chromium\toolkit64.dll
0x00007ffa420b0000 - 0x00007ffa421ce000 	C:\Users\ºî¾üÇÙ\.stm32cubemx\.jxbrowser-8.15.0\Chromium\ipc64.dll
0x00007ffaafc70000 - 0x00007ffaafda3000 	C:\Windows\SYSTEM32\CoreMessaging.dll
0x00007ffaad1e0000 - 0x00007ffaad54d000 	C:\Windows\SYSTEM32\CoreUIComponents.dll
0x00007ffa46a50000 - 0x00007ffa46ee6000 	C:\Windows\system32\SogouTSF.ime
0x00007ffaa0730000 - 0x00007ffaa0737000 	C:\Windows\system32\MSIMG32.dll
0x00007ffa45b30000 - 0x00007ffa46a47000 	C:\Windows\system32\SogouPY.ime
0x00007ffa7e9e0000 - 0x00007ffa7ea49000 	C:\Windows\SYSTEM32\OLEACC.dll
0x00007ffaae700000 - 0x00007ffaae973000 	C:\Windows\SYSTEM32\DWrite.dll
0x00007ffab3d60000 - 0x00007ffab3d94000 	C:\Windows\SYSTEM32\ntmarta.dll
0x0000000010000000 - 0x0000000010599000 	C:\Program Files (x86)\SogouInput\16.2.0.3513\Resource.dll
0x00007ffa3bed0000 - 0x00007ffa3c1a3000 	C:\Program Files (x86)\SogouInput\Components\IChat\1.0.2.3181\ichat_bundle64.dll
0x00007ffab07e0000 - 0x00007ffab08e1000 	C:\Windows\SYSTEM32\PROPSYS.dll
0x00007ffa7e670000 - 0x00007ffa7e716000 	C:\Program Files (x86)\SogouInput\Components\isgpet\1.0.2.3152\isgpet_bundle64.dll
0x00007ffa80790000 - 0x00007ffa80841000 	C:\Windows\SYSTEM32\TextShaping.dll
0x00007ffa3b610000 - 0x00007ffa3bac3000 	C:\Program Files (x86)\SogouInput\Components\PicFace\1.1.0.3184\PicFace64.dll
0x00007ffab60c0000 - 0x00007ffab61bf000 	C:\Windows\System32\COMDLG32.dll
0x00007ffaadfb0000 - 0x00007ffaae030000 	C:\Program Files (x86)\SogouInput\Components\systembeautify\1.0.2.2868\systembeautify_bundle64.dll
0x00007ffa478d0000 - 0x00007ffa479ca000 	C:\Users\ºî¾üÇÙ\AppData\Local\Temp\sqlite-3.49.1.0-1ee01dce-976f-4457-bf01-11b29f8e3609-sqlitejdbc.dll

JVMTI agents: none

dbghelp: loaded successfully - version: 4.0.5 - missing functions: none
symbol engine: initialized successfully - sym options: 0x614 - pdb path: .;C:\stm\jre\bin;C:\Windows\SYSTEM32;C:\Windows\WinSxS\amd64_microsoft.windows.common-controls_6595b64144ccf1df_6.0.22621.3672_none_2713b9d173822955;C:\stm\jre\bin\server;C:\Users\ºî¾üÇÙ\AppData\Local\Temp\jna-20280;C:\Users\ºî¾üÇÙ\AppData\Local\Temp\jna-20;C:\Users\ºî¾üÇÙ\AppData\Local\Temp\jna;C:\Users\ºî¾üÇÙ\AppData\Local\Temp\;C:\Users\ºî¾üÇÙ\AppData\Local\Temp\jna-20280808;C:\Users\ºî¾üÇÙ\.stm32cubemx\.jxbrows;C:\Users\ºî¾üÇÙ\.stm32cubemx\.jxbr;C:\Users\ºî¾üÇÙ\.stm32cubemx\.jxbrowser-8.15.0\Chromium;C:\Program Files (x86)\SogouInput\16.2.0.3513;C:\Program Files (x86)\SogouInput\Components\IChat\1.0.2.3181;C:\Program Files (x86)\SogouInput\Components\isgpet\1.0.2.3152;C:\Program Files (x86)\SogouInput\Components\PicFace\1.1.0.3184;C:\Program Files (x86)\SogouInput\Components\systembeautify\1.0.2.2868;C:\User

VM Arguments:
jvm_args: -Djavax.net.ssl.trustStoreType=WINDOWS-ROOT -Dsun.java2d.d3d=false --add-exports=java.desktop/sun.awt=ALL-UNNAMED --add-opens=java.desktop/java.awt=ALL-UNNAMED -Dfile.encoding=UTF8 
java_command: com.st.microxplorer.maingui.STM32CubeMX \\wsl.localhost\Ubuntu-24.04\home\gftgf\unmanned-drown\f01_flight\f01_flight.ioc
java_class_path (initial): C:\stm\STM32CubeMX.exe;anything
Launcher Type: SUN_STANDARD

[Global flags]
     intx CICompilerCount                          = 4                                         {product} {ergonomic}
     uint ConcGCThreads                            = 2                                         {product} {ergonomic}
     uint G1ConcRefinementThreads                  = 8                                         {product} {ergonomic}
   size_t G1HeapRegionSize                         = 2097152                                   {product} {ergonomic}
    uintx GCDrainStackTargetSize                   = 64                                        {product} {ergonomic}
   size_t InitialHeapSize                          = 266338304                                 {product} {ergonomic}
   size_t MarkStackSize                            = 4194304                                   {product} {ergonomic}
   size_t MaxHeapSize                              = 4238344192                                {product} {ergonomic}
   size_t MaxNewSize                               = 2541748224                                {product} {ergonomic}
   size_t MinHeapDeltaBytes                        = 2097152                                   {product} {ergonomic}
   size_t MinHeapSize                              = 8388608                                   {product} {ergonomic}
    uintx NonNMethodCodeHeapSize                   = 5839372                                {pd product} {ergonomic}
    uintx NonProfiledCodeHeapSize                  = 122909434                              {pd product} {ergonomic}
    uintx ProfiledCodeHeapSize                     = 122909434                              {pd product} {ergonomic}
    uintx ReservedCodeCacheSize                    = 251658240                              {pd product} {ergonomic}
     bool SegmentedCodeCache                       = true                                      {product} {ergonomic}
   size_t SoftMaxHeapSize                          = 4238344192                             {manageable} {ergonomic}
     bool UseCompressedOops                        = true                           {product lp64_product} {ergonomic}
     bool UseG1GC                                  = true                                      {product} {ergonomic}
     bool UseLargePagesIndividualAllocation        = false                                  {pd product} {ergonomic}

Logging:
Log output configuration:
 #0: stdout all=warning uptime,level,tags foldmultilines=false
 #1: stderr all=off uptime,level,tags foldmultilines=false

Release file:
JAVA_VERSION="21.0.9" 
MODULES="java.base java.compiler java.datatransfer java.xml java.prefs java.desktop java.instrument java.logging java.management java.security.sasl java.naming java.rmi java.management.rmi java.net.http java.scripting java.security.jgss java.transaction.xa java.sql java.sql.rowset java.xml.crypto java.se java.smartcardio jdk.jfr javafx.base jdk.unsupported javafx.graphics javafx.controls javafx.fxml javafx.media jdk.unsupported.desktop javafx.swing jdk.jsobject jdk.xml.dom javafx.web jdk.accessibility jdk.internal.jvmstat jdk.attach jdk.charsets jdk.internal.opt jdk.zipfs jdk.compiler jdk.crypto.ec jdk.crypto.cryptoki jdk.crypto.mscapi jdk.dynalink jdk.internal.ed jdk.editpad jdk.httpserver jdk.incubator.vector jdk.internal.le jdk.internal.vm.ci jdk.internal.vm.compiler jdk.internal.vm.compiler.management jdk.jartool jdk.javadoc jdk.jdeps jdk.jdwp.agent jdk.jdi jdk.jlink jdk.jpackage jdk.jshell jdk.jstatd jdk.localedata jdk.management jdk.management.agent jdk.management.jfr jdk.naming.dns jdk.naming.rmi jdk.net jdk.nio.mapmode jdk.random jdk.sctp jdk.security.auth jdk.security.jgss" 

Environment Variables:
PATH=C:\stm\;D:\BaiduNetdiskDownload\bin;D:\360downloads\mingw64\bin;C:\Program Files\Common Files\Oracle\Java\javapath;C:\Program Files (x86)\Common Files\Oracle\Java\java8path;C:\Program Files (x86)\Common Files\Oracle\Java\javapath;C:\Windows\System32\HWAudioDriverLibs;C:\Windows\system32;C:\Windows;C:\Windows\System32\Wbem;C:\Windows\System32\WindowsPowerShell\v1.0\;C:\Windows\System32\OpenSSH\;C:\Users\Administrator\AppData\Local\Microsoft\WindowsApps;C:\Program Files (x86)\NVIDIA Corporation\PhysX\Common;C:\Program Files\Java\jdk-24\bin;C:\Program Files\usbipd-win\;C:\Users\ºî¾üÇÙ\.local\stm32cube\bin;C:\Users\ºî¾üÇÙ\AppData\Local\Programs\Python\Python311\Scripts\;C:\Users\ºî¾üÇÙ\AppData\Local\Programs\Python\Python311\;D:\PYTHON\Scripts\;D:\PYTHON\;%USERPROFILE%\AppData\Local\Microsoft\WindowsApps;;%IntelliJ IDEA%;%PyCharm Community Edition%;C:\Users\ºî¾üÇÙ\AppData\Local\Programs\Microsoft VS Code\bin;C:\stm\.\jre\\bin
USERNAME=ºî¾üÇÙ
OS=Windows_NT
PROCESSOR_IDENTIFIER=Intel64 Family 6 Model 140 Stepping 2, GenuineIntel
TMP=C:\Users\ºî¾üÇÙ\AppData\Local\Temp
TEMP=C:\Users\ºî¾üÇÙ\AppData\Local\Temp




Periodic native trim disabled

---------------  S Y S T E M  ---------------

OS:
 Windows 11 , 64 bit Build 22621 (10.0.22621.3958)
OS uptime: 0 days 21:31 hours
Hyper-V role detected

CPU: total 8 (initial active 8) (4 cores per cpu, 2 threads per core) family 6 model 140 stepping 2 microcode 0x16, cx8, cmov, fxsr, ht, mmx, 3dnowpref, sse, sse2, sse3, ssse3, sse4.1, sse4.2, popcnt, lzcnt, tsc, tscinvbit, avx, avx2, aes, erms, clmul, bmi1, bmi2, adx, avx512f, avx512dq, avx512cd, avx512bw, avx512vl, sha, fma, vzeroupper, avx512_vpopcntdq, avx512_vpclmulqdq, avx512_vaes, avx512_vnni, clflush, clflushopt, clwb, avx512_vbmi2, avx512_vbmi, hv, rdtscp, rdpid, fsrm, gfni, avx512_bitalg, f16c, cet_ibt, cet_ss, avx512_ifma
Processor Information for processor 0
  Max Mhz: 2496, Current Mhz: 2496, Mhz Limit: 2496
Processor Information for processor 1
  Max Mhz: 2496, Current Mhz: 1198, Mhz Limit: 2496
Processor Information for processor 2
  Max Mhz: 2496, Current Mhz: 2496, Mhz Limit: 2496
Processor Information for processor 3
  Max Mhz: 2496, Current Mhz: 2496, Mhz Limit: 2496
Processor Information for processor 4
  Max Mhz: 2496, Current Mhz: 2496, Mhz Limit: 2496
Processor Information for processor 5
  Max Mhz: 2496, Current Mhz: 2496, Mhz Limit: 2496
Processor Information for processor 6
  Max Mhz: 2496, Current Mhz: 2496, Mhz Limit: 2496
Processor Information for processor 7
  Max Mhz: 2496, Current Mhz: 1198, Mhz Limit: 2496

Memory: 4k page, system-wide physical 16167M (3582M free)
TotalPageFile size 16167M (AvailPageFile size 134M)
current process WorkingSet (physical memory assigned to process): 1304M, peak: 1304M
current process commit charge ("private bytes"): 1509M, peak: 1511M

vm_info: OpenJDK 64-Bit Server VM (21.0.9+10-LTS) for windows-amd64 JRE (21.0.9+10-LTS), built on 2025-10-21T00:00:00Z by "admin" with unknown MS VC++:1942

END.
